BioSample,Center.Name,Instrument,Host,Location
SAMN03300359,USDA-NVSL-DBL,Illumina MiSeq,Cattle,Mexico
SAMN03300067,USDA-NVSL-DBL,Illumina MiSeq,Cattle,Mexico
SAMN03300220,USDA-NVSL-DBL,Illumina MiSeq,Cattle,Mexico
SAMN03300261,USDA-NVSL-DBL,Illumina MiSeq,Cattle,Mexico
SAMN03300262,USDA-NVSL-DBL,Illumina MiSeq,Cattle,Mexico
SAMN03300263,USDA-NVSL-DBL,Illumina MiSeq,Cattle,USA
SAMN03300529,USDA-NVSL-DBL,Illumina MiSeq,Cattle,Mexico
SAMN03300264,USDA-NVSL-DBL,Illumina MiSeq,Cattle,USA
SAMN03300530,USDA-NVSL-DBL,Illumina MiSeq,Cattle,Mexico
SAMN03300222,USDA-NVSL-DBL,Illumina MiSeq,Cattle,Mexico
SAMN03300687,USDA-NVSL-DBL,Illumina MiSeq,Cattle,Mexico
SAMN03300688,USDA-NVSL-DBL,Illumina MiSeq,Cattle,Mexico
SAMN03300604,USDA-NVSL-DBL,Illumina MiSeq,Cattle,USA
SAMN03300151,USDA-NVSL-DBL,Illumina MiSeq,Cattle,USA
SAMN03300152,USDA-NVSL-DBL,Illumina MiSeq,Cattle,USA
SAMN03300073,USDA-NVSL-DBL,Illumina MiSeq,Cattle,USA
SAMN03300466,USDA-NVSL-DBL,Illumina MiSeq,Cattle,USA
SAMN03300467,USDA-NVSL-DBL,Illumina MiSeq,Cattle,USA
SAMN03300468,USDA-NVSL-DBL,Illumina MiSeq,Cattle,USA
SAMN03300469,USDA-NVSL-DBL,Illumina MiSeq,Cattle,USA
SAMN03300074,USDA-NVSL-DBL,Illumina MiSeq,Cattle,USA
SAMN03300076,USDA-NVSL-DBL,Illumina MiSeq,Cattle,USA
SAMN03300077,USDA-NVSL-DBL,Illumina MiSeq,Cattle,USA
SAMN03300078,USDA-NVSL-DBL,Illumina MiSeq,Cattle,Mexico
SAMN03300470,USDA-NVSL-DBL,Illumina MiSeq,Cattle,USA
SAMN03300471,USDA-NVSL-DBL,Illumina MiSeq,Cattle,Mexico
SAMN03300225,USDA-NVSL-DBL,Illumina MiSeq,Cattle,USA
SAMN03300472,USDA-NVSL-DBL,Illumina MiSeq,Cattle,USA
SAMN03300473,USDA-NVSL-DBL,Illumina MiSeq,Cattle,USA
SAMN03300474,USDA-NVSL-DBL,Illumina MiSeq,Cattle,USA
SAMN03300080,USDA-NVSL-DBL,Illumina MiSeq,Cattle,Mexico
SAMN03300269,USDA-NVSL-DBL,Illumina MiSeq,Cattle,USA
SAMN03300229,USDA-NVSL-DBL,Illumina MiSeq,Cattle,Mexico
SAMN03300081,USDA-NVSL-DBL,Illumina MiSeq,Cattle,USA
SAMN03300476,USDA-NVSL-DBL,Illumina MiSeq,Cattle,Mexico
SAMN03300082,USDA-NVSL-DBL,Illumina MiSeq,Cattle,Mexico
SAMN03300233,USDA-NVSL-DBL,Illumina MiSeq,Cattle,USA
SAMN03300234,USDA-NVSL-DBL,Illumina MiSeq,Cattle,USA
SAMN03300690,USDA-NVSL-DBL,Illumina MiSeq,Cattle,USA
SAMN03300155,USDA-NVSL-DBL,Illumina MiSeq,Cattle,Mexico
SAMN03300156,USDA-NVSL-DBL,Illumina MiSeq,Cattle,Mexico
SAMN03300302,USDA-NVSL-DBL,Illumina MiSeq,Cattle,USA
SAMN03300157,USDA-NVSL-DBL,Illumina MiSeq,Cattle,Mexico
SAMN03300158,USDA-NVSL-DBL,Illumina MiSeq,Cattle,Mexico
SAMN03300363,USDA-NVSL-DBL,Illumina MiSeq,Cattle,Mexico
SAMN03300160,USDA-NVSL-DBL,Illumina MiSeq,Cattle,Mexico
SAMN03300364,USDA-NVSL-DBL,Illumina MiSeq,Cattle,USA
SAMN03300235,USDA-NVSL-DBL,Illumina MiSeq,Cattle,Mexico
SAMN03300365,USDA-NVSL-DBL,Illumina MiSeq,Cattle,USA
SAMN03300161,USDA-NVSL-DBL,Illumina MiSeq,Cattle,USA
SAMN03300162,USDA-NVSL-DBL,Illumina MiSeq,Cattle,Mexico
SAMN03300535,USDA-NVSL-DBL,Illumina MiSeq,Cattle,USA
SAMN03300536,USDA-NVSL-DBL,Illumina MiSeq,Cattle,USA
SAMN03300537,USDA-NVSL-DBL,Illumina MiSeq,Cattle,USA
SAMN03300538,USDA-NVSL-DBL,Illumina MiSeq,Cattle,USA
SAMN03300539,USDA-NVSL-DBL,Illumina MiSeq,Cattle,USA
SAMN03300540,USDA-NVSL-DBL,Illumina MiSeq,Cattle,USA
SAMN03300541,USDA-NVSL-DBL,Illumina MiSeq,Cattle,USA
SAMN03300366,USDA-NVSL-DBL,Illumina MiSeq,Cattle,Mexico
SAMN03300408,USDA-NVSL-DBL,Illumina MiSeq,Cattle,USA
SAMN03300639,USDA-NVSL-DBL,Illumina MiSeq,Cattle,Mexico
SAMN03300087,USDA-NVSL-DBL,Illumina MiSeq,Cattle,Mexico
SAMN03300236,USDA-NVSL-DBL,Illumina MiSeq,Cattle,Mexico
SAMN03300479,USDA-NVSL-DBL,Illumina MiSeq,Cattle,USA
SAMN03300691,USDA-NVSL-DBL,Illumina MiSeq,Cattle,Mexico
SAMN03300088,USDA-NVSL-DBL,Illumina MiSeq,Cattle,USA
SAMN03300237,USDA-NVSL-DBL,Illumina MiSeq,Cattle,Mexico
SAMN03300480,USDA-NVSL-DBL,Illumina MiSeq,Cattle,USA
SAMN03300164,USDA-NVSL-DBL,Illumina MiSeq,Cattle,Mexico
SAMN03300165,USDA-NVSL-DBL,Illumina MiSeq,Cattle,Mexico
SAMN03300641,USDA-NVSL-DBL,Illumina MiSeq,Cattle,USA
SAMN03300089,USDA-NVSL-DBL,Illumina MiSeq,Cattle,USA
SAMN03300642,USDA-NVSL-DBL,Illumina MiSeq,Cattle,USA
SAMN03300090,USDA-NVSL-DBL,Illumina MiSeq,Cattle,Mexico
SAMN03300238,USDA-NVSL-DBL,Illumina MiSeq,Cattle,USA
SAMN03300092,USDA-NVSL-DBL,Illumina MiSeq,Cattle,USA
SAMN03300093,USDA-NVSL-DBL,Illumina MiSeq,Cattle,Mexico
SAMN03300166,USDA-NVSL-DBL,Illumina MiSeq,Cattle,USA
SAMN03300608,USDA-NVSL-DBL,Illumina MiSeq,Cattle,USA
SAMN03300167,USDA-NVSL-DBL,Illumina MiSeq,Cattle,Mexico
SAMN03300168,USDA-NVSL-DBL,Illumina MiSeq,Cattle,USA
SAMN03300094,USDA-NVSL-DBL,Illumina MiSeq,Cattle,USA
SAMN03300095,USDA-NVSL-DBL,Illumina MiSeq,Cattle,Mexico
SAMN03300371,USDA-NVSL-DBL,Illumina MiSeq,Cattle,Mexico
SAMN03300169,USDA-NVSL-DBL,Illumina MiSeq,Cattle,Mexico
SAMN03300241,USDA-NVSL-DBL,Illumina MiSeq,Cattle,Mexico
SAMN03300409,USDA-NVSL-DBL,Illumina MiSeq,Cattle,USA
SAMN03300170,USDA-NVSL-DBL,Illumina MiSeq,Cattle,USA
SAMN03300096,USDA-NVSL-DBL,Illumina MiSeq,Cattle,USA
SAMN03300171,USDA-NVSL-DBL,Illumina MiSeq,Cattle,USA
SAMN03300643,USDA-NVSL-DBL,Illumina MiSeq,Cattle,USA
SAMN03300098,USDA-NVSL-DBL,Illumina MiSeq,Cattle,Mexico
SAMN03300644,USDA-NVSL-DBL,Illumina MiSeq,Cattle,Mexico
SAMN03300695,USDA-NVSL-DBL,Illumina MiSeq,Cattle,USA
SAMN03300174,USDA-NVSL-DBL,Illumina MiSeq,Cattle,Mexico
SAMN03300243,USDA-NVSL-DBL,Illumina MiSeq,Cattle,USA
SAMN03300612,USDA-NVSL-DBL,Illumina MiSeq,Cattle,USA
SAMN03300175,USDA-NVSL-DBL,Illumina MiSeq,Cattle,USA
SAMN03300551,USDA-NVSL-DBL,Illumina MiSeq,Cattle,USA
SAMN03300552,USDA-NVSL-DBL,Illumina MiSeq,Cattle,USA
SAMN03300553,USDA-NVSL-DBL,Illumina MiSeq,Cattle,USA
SAMN03300271,USDA-NVSL-DBL,Illumina MiSeq,Cattle,Mexico
SAMN03300696,USDA-NVSL-DBL,Illumina MiSeq,Cattle,USA
SAMN03300699,USDA-NVSL-DBL,Illumina MiSeq,Cattle,USA
SAMN03300700,USDA-NVSL-DBL,Illumina MiSeq,Cattle,USA
SAMN03300244,USDA-NVSL-DBL,Illumina MiSeq,Cattle,Mexico
SAMN03300245,USDA-NVSL-DBL,Illumina MiSeq,Cattle,Mexico
SAMN03300505,USDA-NVSL-DBL,Illumina MiSeq,Cattle,USA
SAMN03300554,USDA-NVSL-DBL,Illumina MiSeq,Cattle,USA
SAMN03300556,USDA-NVSL-DBL,Illumina MiSeq,Cattle,USA
SAMN03300701,USDA-NVSL-DBL,Illumina MiSeq,Cattle,Mexico
SAMN03300100,USDA-NVSL-DBL,Illumina MiSeq,Cattle,Mexico
SAMN03300646,USDA-NVSL-DBL,Illumina MiSeq,Cattle,USA
SAMN03300647,USDA-NVSL-DBL,Illumina MiSeq,Cattle,USA
SAMN03300648,USDA-NVSL-DBL,Illumina MiSeq,Cattle,USA
SAMN03300613,USDA-NVSL-DBL,Illumina MiSeq,Cattle,USA
SAMN03300614,USDA-NVSL-DBL,Illumina MiSeq,Cattle,USA
SAMN03300272,USDA-NVSL-DBL,Illumina MiSeq,Cattle,USA
SAMN03300176,USDA-NVSL-DBL,Illumina MiSeq,Cattle,USA
SAMN03300374,USDA-NVSL-DBL,Illumina MiSeq,Cattle,Mexico
SAMN03300101,USDA-NVSL-DBL,Illumina MiSeq,Cattle,Mexico
SAMN03300273,USDA-NVSL-DBL,Illumina MiSeq,Cattle,Mexico
SAMN03300102,USDA-NVSL-DBL,Illumina MiSeq,Cattle,Mexico
SAMN03300274,USDA-NVSL-DBL,Illumina MiSeq,Cattle,Mexico
SAMN03300246,USDA-NVSL-DBL,Illumina MiSeq,Cattle,USA
SAMN03300649,USDA-NVSL-DBL,Illumina MiSeq,Cattle,USA
SAMN03300650,USDA-NVSL-DBL,Illumina MiSeq,Cattle,USA
SAMN03300651,USDA-NVSL-DBL,Illumina MiSeq,Cattle,USA
SAMN03300652,USDA-NVSL-DBL,Illumina HiSeq 2000,Cattle,USA
SAMN03300653,USDA-NVSL-DBL,Illumina MiSeq,Cattle,USA
SAMN03300104,USDA-NVSL-DBL,Illumina MiSeq,Cattle,USA
SAMN03300311,USDA-NVSL-DBL,Illumina MiSeq,Cattle,Mexico
SAMN03300275,USDA-NVSL-DBL,Illumina MiSeq,Cattle,Mexico
SAMN03300376,USDA-NVSL-DBL,Illumina MiSeq,Cattle,USA
SAMN03300106,USDA-NVSL-DBL,Illumina MiSeq,Cattle,Mexico
SAMN03300108,USDA-NVSL-DBL,Illumina MiSeq,Cattle,Mexico
SAMN03300312,USDA-NVSL-DBL,Illumina MiSeq,Cattle,Mexico
SAMN03300418,USDA-NVSL-DBL,Illumina MiSeq,Cattle,USA
SAMN03300109,USDA-NVSL-DBL,Illumina MiSeq,Cattle,Mexico
SAMN03300110,USDA-NVSL-DBL,Illumina MiSeq,Cattle,Mexico
SAMN03300561,USDA-NVSL-DBL,Illumina MiSeq,Cattle,USA
SAMN03300562,USDA-NVSL-DBL,Illumina MiSeq,Cattle,USA
SAMN03300421,USDA-NVSL-DBL,Illumina MiSeq,Cattle,Mexico
SAMN03300422,USDA-NVSL-DBL,Illumina MiSeq,Cattle,Mexico
SAMN03300423,USDA-NVSL-DBL,Illumina MiSeq,Cattle,Mexico
SAMN03300180,USDA-NVSL-DBL,Illumina MiSeq,Cattle,Mexico
SAMN03300181,USDA-NVSL-DBL,Illumina MiSeq,Cattle,Mexico
SAMN03300182,USDA-NVSL-DBL,Illumina MiSeq,Cattle,Mexico
SAMN03300702,USDA-NVSL-DBL,Illumina MiSeq,Cattle,USA
SAMN03300313,USDA-NVSL-DBL,Illumina MiSeq,Cattle,Mexico
SAMN03300615,USDA-NVSL-DBL,Illumina MiSeq,Cattle,USA
SAMN03300112,USDA-NVSL-DBL,Illumina MiSeq,Cattle,USA
SAMN03300183,USDA-NVSL-DBL,Illumina MiSeq,Cattle,USA
SAMN03300424,USDA-NVSL-DBL,Illumina MiSeq,Cattle,Mexico
SAMN03300248,USDA-NVSL-DBL,Illumina MiSeq,Cattle,Mexico
SAMN03300378,USDA-NVSL-DBL,Illumina MiSeq,Cattle,Mexico
SAMN03300277,USDA-NVSL-DBL,Illumina MiSeq,Cattle,USA
SAMN03300314,USDA-NVSL-DBL,Illumina MiSeq,Cattle,Mexico
SAMN03300113,USDA-NVSL-DBL,Illumina MiSeq,Cattle,Mexico
SAMN03300315,USDA-NVSL-DBL,Illumina MiSeq,Cattle,USA
SAMN03300426,USDA-NVSL-DBL,Illumina MiSeq,Cattle,USA
SAMN03300249,USDA-NVSL-DBL,Illumina MiSeq,Cattle,Mexico
SAMN03300184,USDA-NVSL-DBL,Illumina MiSeq,Cattle,Mexico
SAMN03300115,USDA-NVSL-DBL,Illumina MiSeq,Cattle,USA
SAMN03300187,USDA-NVSL-DBL,Illumina MiSeq,Cattle,Mexico
SAMN03300188,USDA-NVSL-DBL,Illumina MiSeq,Cattle,USA
SAMN03300189,USDA-NVSL-DBL,Illumina MiSeq,Cattle,Mexico
SAMN03300278,USDA-NVSL-DBL,Illumina MiSeq,Cattle,USA
SAMN03300116,USDA-NVSL-DBL,Illumina MiSeq,Cattle,Mexico
SAMN03300117,USDA-NVSL-DBL,Illumina MiSeq,Cattle,Mexico
SAMN03300191,USDA-NVSL-DBL,Illumina MiSeq,Cattle,Mexico
SAMN03300192,USDA-NVSL-DBL,Illumina MiSeq,Cattle,Mexico
SAMN03300118,USDA-NVSL-DBL,Illumina MiSeq,Cattle,Mexico
SAMN03300193,USDA-NVSL-DBL,Illumina MiSeq,Cattle,Mexico
SAMN03300194,USDA-NVSL-DBL,Illumina MiSeq,Cattle,Mexico
SAMN03300195,USDA-NVSL-DBL,Illumina MiSeq,Cattle,Mexico
SAMN03300317,USDA-NVSL-DBL,Illumina MiSeq,Cattle,Mexico
SAMN03300513,USDA-NVSL-DBL,Illumina MiSeq,Cattle,Mexico
SAMN03300318,USDA-NVSL-DBL,Illumina MiSeq,Cattle,Mexico
SAMN03300197,USDA-NVSL-DBL,Illumina MiSeq,Cattle,USA
SAMN03300250,USDA-NVSL-DBL,Illumina MiSeq,Cattle,Mexico
SAMN03300618,USDA-NVSL-DBL,Illumina MiSeq,Cattle,USA
SAMN03300703,USDA-NVSL-DBL,Illumina MiSeq,Cattle,Mexico
SAMN03300656,USDA-NVSL-DBL,Illumina MiSeq,Cattle,Mexico
SAMN03300658,USDA-NVSL-DBL,Illumina MiSeq,Cattle,Mexico
SAMN03300381,USDA-NVSL-DBL,Illumina MiSeq,Cattle,USA
SAMN03300281,USDA-NVSL-DBL,Illumina MiSeq,Cattle,Mexico
SAMN03300282,USDA-NVSL-DBL,Illumina MiSeq,Cattle,Mexico
SAMN03300516,USDA-NVSL-DBL,Illumina MiSeq,Cattle,Mexico
SAMN03300429,USDA-NVSL-DBL,Illumina MiSeq,Cattle,Mexico
SAMN03300659,USDA-NVSL-DBL,Illumina MiSeq,Cattle,Mexico
SAMN03300660,USDA-NVSL-DBL,Illumina MiSeq,Cattle,Mexico
SAMN03300283,USDA-NVSL-DBL,Illumina MiSeq,Cattle,USA
SAMN03300320,USDA-NVSL-DBL,Illumina MiSeq,Cattle,Mexico
SAMN03300663,USDA-NVSL-DBL,Illumina MiSeq,Cattle,USA
SAMN03300624,USDA-NVSL-DBL,Illumina MiSeq,Cattle,USA
SAMN03300284,USDA-NVSL-DBL,Illumina MiSeq,Cattle,Mexico
SAMN03300598,USDA-NVSL-DBL,Illumina MiSeq,Cattle,USA
SAMN03300664,USDA-NVSL-DBL,Illumina MiSeq,Cattle,USA
SAMN03300432,USDA-NVSL-DBL,Illumina MiSeq,Cattle,Mexico
SAMN03300285,USDA-NVSL-DBL,Illumina MiSeq,Cattle,Mexico
SAMN03300433,USDA-NVSL-DBL,Illumina MiSeq,Cattle,USA
SAMN03300626,USDA-NVSL-DBL,Illumina MiSeq,Cattle,USA
SAMN03300324,USDA-NVSL-DBL,Illumina MiSeq,Cattle,Mexico
SAMN03300665,USDA-NVSL-DBL,Illumina MiSeq,Cattle,Mexico
SAMN03300286,USDA-NVSL-DBL,Illumina MiSeq,Cattle,Mexico
SAMN03300287,USDA-NVSL-DBL,Illumina MiSeq,Cattle,USA
SAMN03300288,USDA-NVSL-DBL,Illumina MiSeq,Cattle,USA
SAMN03300289,USDA-NVSL-DBL,Illumina MiSeq,Cattle,USA
SAMN03300705,USDA-NVSL-DBL,Illumina MiSeq,Cattle,Mexico
SAMN03300667,USDA-NVSL-DBL,Illumina MiSeq,Cattle,Mexico
SAMN03300384,USDA-NVSL-DBL,Illumina MiSeq,Cattle,Mexico
SAMN03300385,USDA-NVSL-DBL,Illumina MiSeq,Cattle,Mexico
SAMN03300437,USDA-NVSL-DBL,Illumina MiSeq,Cattle,USA
SAMN03300328,USDA-NVSL-DBL,Illumina MiSeq,Cattle,Mexico
SAMN03300706,USDA-NVSL-DBL,Illumina MiSeq,Cattle,USA
SAMN03300387,USDA-NVSL-DBL,Illumina MiSeq,Cattle,Mexico
SAMN03300520,USDA-NVSL-DBL,Illumina MiSeq,Cattle,Mexico
SAMN03300292,USDA-NVSL-DBL,Illumina MiSeq,Cattle,USA
SAMN03300628,USDA-NVSL-DBL,Illumina MiSeq,Cattle,USA
SAMN03300629,USDA-NVSL-DBL,Illumina MiSeq,Cattle,USA
SAMN03300630,USDA-NVSL-DBL,Illumina MiSeq,Cattle,USA
SAMN03300438,USDA-NVSL-DBL,Illumina MiSeq,Cattle,USA
SAMN03300388,USDA-NVSL-DBL,Illumina MiSeq,Cattle,Mexico
SAMN03300389,USDA-NVSL-DBL,Illumina MiSeq,Cattle,Mexico
SAMN03300331,USDA-NVSL-DBL,Illumina MiSeq,Cattle,Mexico
SAMN03300707,USDA-NVSL-DBL,Illumina MiSeq,Cattle,Mexico
SAMN03300599,USDA-NVSL-DBL,Illumina MiSeq,Cattle,Mexico
SAMN03300668,USDA-NVSL-DBL,Illumina MiSeq,Cattle,Mexico
SAMN03300709,USDA-NVSL-DBL,Illumina MiSeq,Cattle,USA
SAMN03300710,USDA-NVSL-DBL,Illumina MiSeq,Cattle,USA
SAMN03300392,USDA-NVSL-DBL,Illumina MiSeq,Cattle,USA
SAMN03300440,USDA-NVSL-DBL,Illumina MiSeq,Cattle,USA
SAMN03300441,USDA-NVSL-DBL,Illumina MiSeq,Cattle,USA
SAMN03300442,USDA-NVSL-DBL,Illumina MiSeq,Cattle,USA
SAMN03300443,USDA-NVSL-DBL,Illumina MiSeq,Cattle,USA
SAMN03300444,USDA-NVSL-DBL,Illumina MiSeq,Cattle,USA
SAMN03300445,USDA-NVSL-DBL,Illumina MiSeq,Cattle,USA
SAMN03300711,USDA-NVSL-DBL,Illumina MiSeq,Cattle,Mexico
SAMN03300337,USDA-NVSL-DBL,Illumina MiSeq,Cattle,USA
SAMN03300338,USDA-NVSL-DBL,Illumina MiSeq,Cattle,USA
SAMN03300339,USDA-NVSL-DBL,Illumina MiSeq,Cattle,USA
SAMN03300341,USDA-NVSL-DBL,Illumina MiSeq,Cattle,USA
SAMN03300342,USDA-NVSL-DBL,Illumina MiSeq,Cattle,USA
SAMN03300343,USDA-NVSL-DBL,Illumina MiSeq,Cattle,USA
SAMN09812388,INRA,Illumina HiSeq 2500,Bos taurus,France
SAMN09812393,INRA,Illumina HiSeq 2500,Bos taurus,France
SAMN09812394,INRA,Illumina HiSeq 2500,Bos taurus,France
SAMN09812398,INRA,Illumina HiSeq 2500,Bos taurus,France
SAMN09812399,INRA,Illumina HiSeq 2500,Bos taurus,France
SAMN09812400,INRA,Illumina HiSeq 2500,Bos taurus,France
SAMN09812407,INRA,Illumina HiSeq 2500,Bos taurus,France
SAMN09812409,INRA,Illumina HiSeq 2500,Bos taurus,France
SAMN09812412,INRA,Illumina HiSeq 2500,Bos taurus,France
SAMN09812416,INRA,Illumina HiSeq 2500,Bos taurus,France
SAMN09812421,INRA,Illumina HiSeq 2500,Bos taurus,France
SAMN09812424,INRA,Illumina HiSeq 2500,Bos taurus,France
SAMN09812426,INRA,Illumina HiSeq 2500,Bos taurus,France
SAMN09812427,INRA,Illumina HiSeq 2500,Bos taurus,France
SAMN03300051,USDA-NVSL-DBL,Illumina MiSeq,Cattle,USA
SAMN03300053,USDA-NVSL-DBL,Illumina MiSeq,Cattle,USA
SAMN03300055,USDA-NVSL-DBL,Illumina MiSeq,Cattle,USA
SAMN03300056,USDA-NVSL-DBL,Illumina MiSeq,Cattle,USA
SAMN03300057,USDA-NVSL-DBL,Illumina MiSeq,Cattle,USA
SAMN03300058,USDA-NVSL-DBL,Illumina MiSeq,Cattle,Mexico
SAMN03300060,USDA-NVSL-DBL,Illumina MiSeq,Cattle,Mexico
SAMN03300061,USDA-NVSL-DBL,Illumina MiSeq,Cattle,Mexico
SAMN03300062,USDA-NVSL-DBL,Illumina MiSeq,Cattle,Mexico
SAMN03300063,USDA-NVSL-DBL,Illumina MiSeq,Cattle,Mexico
SAMN03300064,USDA-NVSL-DBL,Illumina MiSeq,Cattle,Mexico
SAMN03300119,USDA-NVSL-DBL,Illumina MiSeq,Cattle,Mexico
SAMN03300120,USDA-NVSL-DBL,Illumina MiSeq,Cattle,Mexico
SAMN03300121,USDA-NVSL-DBL,Illumina MiSeq,Cattle,Mexico
SAMN03300123,USDA-NVSL-DBL,Illumina MiSeq,Cattle,Mexico
SAMN03300125,USDA-NVSL-DBL,Illumina MiSeq,Cattle,Mexico
SAMN03300127,USDA-NVSL-DBL,Illumina MiSeq,Cattle,USA
SAMN03300128,USDA-NVSL-DBL,Illumina MiSeq,Cattle,Mexico
SAMN03300130,USDA-NVSL-DBL,Illumina MiSeq,Cattle,USA
SAMN03300133,USDA-NVSL-DBL,Illumina MiSeq,Cattle,USA
SAMN03300135,USDA-NVSL-DBL,Illumina MiSeq,Cattle,Mexico
SAMN03300136,USDA-NVSL-DBL,Illumina MiSeq,Cattle,Mexico
SAMN03300139,USDA-NVSL-DBL,Illumina MiSeq,Cattle,Mexico
SAMN03300140,USDA-NVSL-DBL,Illumina MiSeq,Cattle,Mexico
SAMN03300141,USDA-NVSL-DBL,Illumina MiSeq,Cattle,Mexico
SAMN03300142,USDA-NVSL-DBL,Illumina MiSeq,Cattle,USA
SAMN03300143,USDA-NVSL-DBL,Illumina MiSeq,Cattle,Mexico
SAMN03300144,USDA-NVSL-DBL,Illumina MiSeq,Cattle,Mexico
SAMN03300145,USDA-NVSL-DBL,Illumina MiSeq,Cattle,Mexico
SAMN03300146,USDA-NVSL-DBL,Illumina MiSeq,Cattle,Mexico
SAMN03300148,USDA-NVSL-DBL,Illumina MiSeq,Cattle,Mexico
SAMN03300149,USDA-NVSL-DBL,Illumina MiSeq,Cattle,Mexico
SAMN03300198,USDA-NVSL-DBL,Illumina MiSeq,Cattle,USA
SAMN03300199,USDA-NVSL-DBL,Illumina MiSeq,Cattle,USA
SAMN03300202,USDA-NVSL-DBL,Illumina MiSeq,Cattle,Mexico
SAMN03300204,USDA-NVSL-DBL,Illumina MiSeq,Cattle,Mexico
SAMN03300205,USDA-NVSL-DBL,Illumina MiSeq,Cattle,Mexico
SAMN03300207,USDA-NVSL-DBL,Illumina MiSeq,Cattle,USA
SAMN03300208,USDA-NVSL-DBL,Illumina MiSeq,Cattle,Mexico
SAMN03300209,USDA-NVSL-DBL,Illumina MiSeq,Cattle,Mexico
SAMN03300215,USDA-NVSL-DBL,Illumina MiSeq,Cattle,USA
SAMN03300251,USDA-NVSL-DBL,Illumina MiSeq,Cattle,Mexico
SAMN09812432,INRA,Illumina HiSeq 2500,Bos taurus,France
SAMN03300252,USDA-NVSL-DBL,Illumina MiSeq,Cattle,USA
SAMN03300253,USDA-NVSL-DBL,Illumina MiSeq,Cattle,Mexico
SAMN03300254,USDA-NVSL-DBL,Illumina MiSeq,Cattle,Mexico
SAMN03300258,USDA-NVSL-DBL,Illumina MiSeq,Cattle,Mexico
SAMN03300259,USDA-NVSL-DBL,Illumina MiSeq,Cattle,USA
SAMN03300260,USDA-NVSL-DBL,Illumina MiSeq,Cattle,USA
SAMN03300293,USDA-NVSL-DBL,Illumina MiSeq,Cattle,USA
SAMN03300295,USDA-NVSL-DBL,Illumina MiSeq,Cattle,Mexico
SAMN03300296,USDA-NVSL-DBL,Illumina MiSeq,Cattle,Mexico
SAMN03300300,USDA-NVSL-DBL,Illumina MiSeq,Cattle,Mexico
SAMN09812433,INRA,Illumina HiSeq 2500,Bos taurus,France
SAMN09812435,INRA,Illumina HiSeq 2500,Bos taurus,France
SAMN09812436,INRA,Illumina HiSeq 2500,Bos taurus,France
SAMN03300352,USDA-NVSL-DBL,Illumina MiSeq,Cattle,USA
SAMN03300354,USDA-NVSL-DBL,Illumina MiSeq,Cattle,USA
SAMN03300355,USDA-NVSL-DBL,Illumina MiSeq,Cattle,USA
SAMN03300356,USDA-NVSL-DBL,Illumina MiSeq,Cattle,Mexico
SAMN09812439,INRA,Illumina HiSeq 2500,Bos taurus,France
SAMN03300394,USDA-NVSL-DBL,Illumina MiSeq,Cattle,Mexico
SAMN03300396,USDA-NVSL-DBL,Illumina MiSeq,Cattle,USA
SAMN03300397,USDA-NVSL-DBL,Illumina MiSeq,Cattle,Mexico
SAMN03300398,USDA-NVSL-DBL,Illumina MiSeq,Cattle,Mexico
SAMN03300399,USDA-NVSL-DBL,Illumina MiSeq,Cattle,Mexico
SAMN03300403,USDA-NVSL-DBL,Illumina MiSeq,Cattle,USA
SAMN03300404,USDA-NVSL-DBL,Illumina MiSeq,Cattle,Mexico
SAMN09812443,INRA,Illumina HiSeq 2500,Bos taurus,France
SAMN09812444,INRA,Illumina HiSeq 2500,Bos taurus,France
SAMN03300446,USDA-NVSL-DBL,Illumina MiSeq,Cattle,Mexico
SAMN03300448,USDA-NVSL-DBL,Illumina MiSeq,Cattle,USA
SAMN03300449,USDA-NVSL-DBL,Illumina MiSeq,Cattle,USA
SAMN03300450,USDA-NVSL-DBL,Illumina MiSeq,Cattle,USA
SAMN03300451,USDA-NVSL-DBL,Illumina MiSeq,Cattle,USA
SAMN03300456,USDA-NVSL-DBL,Illumina MiSeq,Cattle,USA
SAMN03300457,USDA-NVSL-DBL,Illumina MiSeq,Cattle,Mexico
SAMN03300458,USDA-NVSL-DBL,Illumina MiSeq,Cattle,USA
SAMN03300459,USDA-NVSL-DBL,Illumina MiSeq,Cattle,USA
SAMN09812446,INRA,Illumina HiSeq 2500,Bos taurus,France
SAMN09812450,INRA,Illumina HiSeq 2500,Bos taurus,France
SAMN03300524,USDA-NVSL-DBL,Illumina MiSeq,Cattle,USA
SAMN03300525,USDA-NVSL-DBL,Illumina MiSeq,Cattle,USA
SAMN03300526,USDA-NVSL-DBL,Illumina MiSeq,Cattle,USA
SAMN03300527,USDA-NVSL-DBL,Illumina MiSeq,Cattle,USA
SAMN03300601,USDA-NVSL-DBL,Illumina MiSeq,Cattle,USA
SAMN09812453,INRA,Illumina HiSeq 2500,Bos taurus,France
SAMN03300631,USDA-NVSL-DBL,Illumina MiSeq,Cattle,USA
SAMN03300632,USDA-NVSL-DBL,Illumina MiSeq,Cattle,USA
SAMN03300633,USDA-NVSL-DBL,Illumina MiSeq,Cattle,USA
SAMN03300634,USDA-NVSL-DBL,Illumina MiSeq,Cattle,USA
SAMN03300636,USDA-NVSL-DBL,Illumina MiSeq,Cattle,USA
SAMN03300637,USDA-NVSL-DBL,Illumina MiSeq,Cattle,Mexico
SAMN09812456,INRA,Illumina HiSeq 2500,Bos taurus,France
SAMN09812466,INRA,Illumina HiSeq 2500,Bos taurus,France
SAMN03300669,USDA-NVSL-DBL,Illumina MiSeq,Cattle,USA
SAMN03300670,USDA-NVSL-DBL,Illumina MiSeq,Cattle,USA
SAMN03300671,USDA-NVSL-DBL,Illumina MiSeq,Cattle,Mexico
SAMN03300672,USDA-NVSL-DBL,Illumina MiSeq,Cattle,USA
SAMN03300673,USDA-NVSL-DBL,Illumina MiSeq,Cattle,USA
SAMN03300674,USDA-NVSL-DBL,Illumina MiSeq,Cattle,USA
SAMN03300675,USDA-NVSL-DBL,Illumina MiSeq,Cattle,USA
SAMN03300676,USDA-NVSL-DBL,Illumina MiSeq,Cattle,USA
SAMN03300677,USDA-NVSL-DBL,Illumina MiSeq,Cattle,USA
SAMN03300678,USDA-NVSL-DBL,Illumina MiSeq,Cattle,USA
SAMN03300679,USDA-NVSL-DBL,Illumina MiSeq,Cattle,USA
SAMN03300680,USDA-NVSL-DBL,Illumina MiSeq,Cattle,USA
SAMN03300683,USDA-NVSL-DBL,Illumina MiSeq,Cattle,USA
SAMN03300685,USDA-NVSL-DBL,Illumina MiSeq,Cattle,USA
SAMN03300686,USDA-NVSL-DBL,Illumina MiSeq,Cattle,Mexico
SAMN03300712,USDA-NVSL-DBL,Illumina MiSeq,Cattle,Mexico
SAMN03300713,USDA-NVSL-DBL,Illumina MiSeq,Cattle,USA
SAMN03300714,USDA-NVSL-DBL,Illumina MiSeq,Cattle,Mexico
SAMN03300716,USDA-NVSL-DBL,Illumina MiSeq,Cattle,Mexico
SAMN03300718,USDA-NVSL-DBL,Illumina MiSeq,Cattle,USA
SAMN03300719,USDA-NVSL-DBL,Illumina MiSeq,Cattle,USA
SAMN03300720,USDA-NVSL-DBL,Illumina MiSeq,Cattle,USA
SAMN03300721,USDA-NVSL-DBL,Illumina MiSeq,Cattle,Mexico
SAMN03300722,USDA-NVSL-DBL,Illumina MiSeq,Cattle,USA
SAMN03300723,USDA-NVSL-DBL,Illumina MiSeq,Cattle,USA
SAMN03300724,USDA-NVSL-DBL,Illumina MiSeq,Cattle,USA
SAMN03300725,USDA-NVSL-DBL,Illumina MiSeq,Cattle,USA
SAMN03300726,USDA-NVSL-DBL,Illumina MiSeq,Cattle,USA
SAMN03300727,USDA-NVSL-DBL,Illumina MiSeq,Cattle,Mexico
SAMN03300728,USDA-NVSL-DBL,Illumina MiSeq,Cattle,USA
SAMN03300729,USDA-NVSL-DBL,Illumina MiSeq,Cattle,USA
SAMN03300731,USDA-NVSL-DBL,Illumina MiSeq,Cattle,USA
SAMN03300732,USDA-NVSL-DBL,Illumina MiSeq,Cattle,USA
SAMN03300733,USDA-NVSL-DBL,Illumina MiSeq,Cattle,USA
SAMN03300734,USDA-NVSL-DBL,Illumina MiSeq,Cattle,USA
SAMN03300735,USDA-NVSL-DBL,Illumina MiSeq,Cattle,USA
SAMN03300737,USDA-NVSL-DBL,Illumina MiSeq,Cattle,USA
SAMN03300738,USDA-NVSL-DBL,Illumina MiSeq,Cattle,USA
SAMN03300739,USDA-NVSL-DBL,Illumina MiSeq,Cattle,USA
SAMN03300741,USDA-NVSL-DBL,Illumina MiSeq,Cattle,USA
SAMN03300742,USDA-NVSL-DBL,Illumina MiSeq,Cattle,Mexico
SAMN03300743,USDA-NVSL-DBL,Illumina MiSeq,Cattle,USA
SAMN03300744,USDA-NVSL-DBL,Illumina MiSeq,Cattle,USA
SAMN03300745,USDA-NVSL-DBL,Illumina MiSeq,Cattle,USA
SAMN03300747,USDA-NVSL-DBL,Illumina MiSeq,Cattle,USA
SAMN03300748,USDA-NVSL-DBL,Illumina MiSeq,Cattle,USA
SAMN03300749,USDA-NVSL-DBL,Illumina MiSeq,Cattle,USA
SAMN03300751,USDA-NVSL-DBL,Illumina MiSeq,Cattle,USA
SAMN03300752,USDA-NVSL-DBL,Illumina MiSeq,Cattle,USA
SAMN03300753,USDA-NVSL-DBL,Illumina MiSeq,Cattle,USA
SAMN03300754,USDA-NVSL-DBL,Illumina MiSeq,Cattle,USA
SAMN03300756,USDA-NVSL-DBL,Illumina MiSeq,Cattle,USA
SAMN03300757,USDA-NVSL-DBL,Illumina MiSeq,Cattle,USA
SAMN03300758,USDA-NVSL-DBL,Illumina MiSeq,Cattle,USA
SAMN03300759,USDA-NVSL-DBL,Illumina MiSeq,Cattle,USA
SAMN03300760,USDA-NVSL-DBL,Illumina MiSeq,Cattle,USA
SAMN03300761,USDA-NVSL-DBL,Illumina MiSeq,Cattle,USA
SAMN03300762,USDA-NVSL-DBL,Illumina MiSeq,Cattle,USA
SAMN03300763,USDA-NVSL-DBL,Illumina MiSeq,Cattle,USA
SAMN03300764,USDA-NVSL-DBL,Illumina MiSeq,Cattle,USA
SAMN03300765,USDA-NVSL-DBL,Illumina MiSeq,Cattle,USA
SAMN03300766,USDA-NVSL-DBL,Illumina MiSeq,Cattle,USA
SAMN03300767,USDA-NVSL-DBL,Illumina MiSeq,Cattle,Mexico
SAMN03300768,USDA-NVSL-DBL,Illumina MiSeq,Cattle,Mexico
SAMN03300769,USDA-NVSL-DBL,Illumina MiSeq,Cattle,USA
SAMN03300770,USDA-NVSL-DBL,Illumina MiSeq,Cattle,USA
SAMN03300771,USDA-NVSL-DBL,Illumina MiSeq,Cattle,USA
SAMN03300773,USDA-NVSL-DBL,Illumina MiSeq,Cattle,USA
SAMN03300774,USDA-NVSL-DBL,Illumina MiSeq,Cattle,USA
SAMN03300776,USDA-NVSL-DBL,Illumina MiSeq,Cattle,USA
SAMN03300777,USDA-NVSL-DBL,Illumina MiSeq,Cattle,USA
SAMN03300780,USDA-NVSL-DBL,Illumina MiSeq,Cattle,Mexico
SAMN03300787,USDA-NVSL-DBL,Illumina MiSeq,Cattle,USA
SAMN03300791,USDA-NVSL-DBL,Illumina MiSeq,Cattle,USA
SAMN03300792,USDA-NVSL-DBL,Illumina MiSeq,Cattle,USA
SAMN03300794,USDA-NVSL-DBL,Illumina MiSeq,Cattle,USA
SAMN03300796,USDA-NVSL-DBL,Illumina MiSeq,Cattle,Mexico
SAMN03300797,USDA-NVSL-DBL,Illumina MiSeq,Cattle,USA
SAMN03300798,USDA-NVSL-DBL,Illumina MiSeq,Cattle,USA
SAMN03300799,USDA-NVSL-DBL,Illumina MiSeq,Cattle,Mexico
SAMN03300800,USDA-NVSL-DBL,Illumina MiSeq,Cattle,USA
SAMN03300801,USDA-NVSL-DBL,Illumina MiSeq,Cattle,USA
SAMN03300802,USDA-NVSL-DBL,Illumina MiSeq,Cattle,USA
SAMN03300805,USDA-NVSL-DBL,Illumina MiSeq,Cattle,Mexico
SAMN03300806,USDA-NVSL-DBL,Illumina MiSeq,Cattle,USA
SAMN03300807,USDA-NVSL-DBL,Illumina MiSeq,Cattle,Mexico
SAMN03300808,USDA-NVSL-DBL,Illumina MiSeq,Cattle,USA
SAMN03300814,USDA-NVSL-DBL,Illumina MiSeq,Cattle,USA
SAMN03300816,USDA-NVSL-DBL,Illumina MiSeq,Cattle,USA
SAMN03300822,USDA-NVSL-DBL,Illumina MiSeq,Cattle,USA
SAMN03300823,USDA-NVSL-DBL,Illumina MiSeq,Cattle,USA
SAMN03300825,USDA-NVSL-DBL,Illumina MiSeq,Cattle,USA
SAMN03300826,USDA-NVSL-DBL,Illumina MiSeq,Cattle,USA
SAMN03300827,USDA-NVSL-DBL,Illumina MiSeq,Cattle,USA
SAMN03300828,USDA-NVSL-DBL,Illumina MiSeq,Cattle,USA
SAMN03300829,USDA-NVSL-DBL,Illumina MiSeq,Cattle,USA
SAMN08321034,OLANDR'S SHARED SUBMISSIONS,PacBio RS II,Bos taurus,Canada
SAMN08321034,OLANDR'S SHARED SUBMISSIONS,Illumina HiSeq 2000,Bos taurus,Canada
SAMN08321029,OLANDR'S SHARED SUBMISSIONS,PacBio RS II,Bos taurus,Canada
SAMN08321029,OLANDR'S SHARED SUBMISSIONS,Illumina HiSeq 2000,Bos taurus,Canada
SAMN08321046,OLANDR'S SHARED SUBMISSIONS,PacBio RS II,Bos taurus,Canada
SAMN08321046,OLANDR'S SHARED SUBMISSIONS,Illumina MiSeq,Bos taurus,Canada
SAMN03300835,USDA-NVSL-DBL,Illumina MiSeq,Cattle,USA
SAMN03300841,USDA-NVSL-DBL,Illumina MiSeq,Cattle,USA
SAMN03300843,USDA-NVSL-DBL,Illumina MiSeq,Cattle,USA
SAMN03300848,USDA-NVSL-DBL,Illumina MiSeq,Cattle,USA
SAMN03300849,USDA-NVSL-DBL,Illumina MiSeq,Cattle,USA
SAMN03300852,USDA-NVSL-DBL,Illumina MiSeq,Cattle,USA
SAMN03300859,USDA-NVSL-DBL,Illumina MiSeq,Cattle,USA
SAMN03300861,USDA-NVSL-DBL,Illumina MiSeq,Cattle,USA
SAMN03300862,USDA-NVSL-DBL,Illumina MiSeq,Cattle,USA
SAMN03300865,USDA-NVSL-DBL,Illumina MiSeq,Cattle,USA
SAMN03300866,USDA-NVSL-DBL,Illumina MiSeq,Cattle,USA
SAMN03300867,USDA-NVSL-DBL,Illumina MiSeq,Cattle,USA
SAMN03300868,USDA-NVSL-DBL,Illumina MiSeq,Cattle,USA
SAMN09812470,INRA,Illumina HiSeq 2500,Bos taurus,France
SAMN06856014,UNIVERSIDAD AUTONOMA DE BAJA CALIFORNIA,Illumina MiSeq,Bos taurus,Mexico
SAMN06856015,UNIVERSIDAD AUTONOMA DE BAJA CALIFORNIA,Illumina MiSeq,Bos taurus,Mexico
SAMN06856054,UNIVERSIDAD AUTONOMA DE BAJA CALIFORNIA,Illumina MiSeq,Bos taurus,Mexico
SAMN06856055,UNIVERSIDAD AUTONOMA DE BAJA CALIFORNIA,Illumina MiSeq,Bos taurus,Mexico
SAMN06856053,UNIVERSIDAD AUTONOMA DE BAJA CALIFORNIA,Illumina MiSeq,Bos taurus,Mexico
SAMN06856050,UNIVERSIDAD AUTONOMA DE BAJA CALIFORNIA,Illumina MiSeq,Bos taurus,Mexico
SAMN06856051,UNIVERSIDAD AUTONOMA DE BAJA CALIFORNIA,Illumina MiSeq,Bos taurus,Mexico
SAMN06856048,UNIVERSIDAD AUTONOMA DE BAJA CALIFORNIA,Illumina MiSeq,Bos taurus,Mexico
SAMN06856049,UNIVERSIDAD AUTONOMA DE BAJA CALIFORNIA,Illumina MiSeq,Bos taurus,Mexico
SAMN06856046,UNIVERSIDAD AUTONOMA DE BAJA CALIFORNIA,Illumina MiSeq,Bos taurus,Mexico
SAMN06856047,UNIVERSIDAD AUTONOMA DE BAJA CALIFORNIA,Illumina MiSeq,Bos taurus,Mexico
SAMN06855968,UNIVERSIDAD AUTONOMA DE BAJA CALIFORNIA,Illumina MiSeq,Bos taurus,Mexico
SAMN06855969,UNIVERSIDAD AUTONOMA DE BAJA CALIFORNIA,Illumina MiSeq,Bos taurus,Mexico
SAMN06856010,UNIVERSIDAD AUTONOMA DE BAJA CALIFORNIA,Illumina MiSeq,Bos taurus,Mexico
SAMN06855996,UNIVERSIDAD AUTONOMA DE BAJA CALIFORNIA,Illumina MiSeq,Bos taurus,Mexico
SAMN06856011,UNIVERSIDAD AUTONOMA DE BAJA CALIFORNIA,Illumina MiSeq,Bos taurus,Mexico
SAMN06856045,UNIVERSIDAD AUTONOMA DE BAJA CALIFORNIA,Illumina MiSeq,Bos taurus,Mexico
SAMN06856013,UNIVERSIDAD AUTONOMA DE BAJA CALIFORNIA,Illumina MiSeq,Bos taurus,Mexico
SAMN06856041,UNIVERSIDAD AUTONOMA DE BAJA CALIFORNIA,Illumina MiSeq,Bos taurus,Mexico
SAMN06856040,UNIVERSIDAD AUTONOMA DE BAJA CALIFORNIA,Illumina MiSeq,Bos taurus,Mexico
SAMN06856042,UNIVERSIDAD AUTONOMA DE BAJA CALIFORNIA,Illumina MiSeq,Bos taurus,Mexico
SAMN06856037,UNIVERSIDAD AUTONOMA DE BAJA CALIFORNIA,Illumina MiSeq,Bos taurus,Mexico
SAMN06856039,UNIVERSIDAD AUTONOMA DE BAJA CALIFORNIA,Illumina MiSeq,Bos taurus,Mexico
SAMN06856038,UNIVERSIDAD AUTONOMA DE BAJA CALIFORNIA,Illumina MiSeq,Bos taurus,Mexico
SAMN06856007,UNIVERSIDAD AUTONOMA DE BAJA CALIFORNIA,Illumina MiSeq,Bos taurus,Mexico
SAMN06856008,UNIVERSIDAD AUTONOMA DE BAJA CALIFORNIA,Illumina MiSeq,Bos taurus,Mexico
SAMN06855930,UNIVERSIDAD AUTONOMA DE BAJA CALIFORNIA,Illumina MiSeq,Bos taurus,Mexico
SAMN06855931,UNIVERSIDAD AUTONOMA DE BAJA CALIFORNIA,Illumina MiSeq,Bos taurus,Mexico
SAMN06855932,UNIVERSIDAD AUTONOMA DE BAJA CALIFORNIA,Illumina MiSeq,Bos taurus,Mexico
SAMN06855933,UNIVERSIDAD AUTONOMA DE BAJA CALIFORNIA,Illumina MiSeq,Bos taurus,Mexico
SAMN06855926,UNIVERSIDAD AUTONOMA DE BAJA CALIFORNIA,Illumina MiSeq,Bos taurus,Mexico
SAMN06855927,UNIVERSIDAD AUTONOMA DE BAJA CALIFORNIA,Illumina MiSeq,Bos taurus,Mexico
SAMN06855929,UNIVERSIDAD AUTONOMA DE BAJA CALIFORNIA,Illumina MiSeq,Bos taurus,Mexico
SAMN06855935,UNIVERSIDAD AUTONOMA DE BAJA CALIFORNIA,Illumina MiSeq,Bos taurus,Mexico
SAMN06855963,UNIVERSIDAD AUTONOMA DE BAJA CALIFORNIA,Illumina MiSeq,Bos taurus,Mexico
SAMN06856066,UNIVERSIDAD AUTONOMA DE BAJA CALIFORNIA,Illumina MiSeq,Bos taurus,Mexico
SAMN06856067,UNIVERSIDAD AUTONOMA DE BAJA CALIFORNIA,Illumina MiSeq,Bos taurus,Mexico
SAMN06856068,UNIVERSIDAD AUTONOMA DE BAJA CALIFORNIA,Illumina MiSeq,Bos taurus,Mexico
SAMN06856069,UNIVERSIDAD AUTONOMA DE BAJA CALIFORNIA,Illumina MiSeq,Bos taurus,Mexico
SAMN06856070,UNIVERSIDAD AUTONOMA DE BAJA CALIFORNIA,Illumina MiSeq,Bos taurus,Mexico
SAMN06855961,UNIVERSIDAD AUTONOMA DE BAJA CALIFORNIA,Illumina MiSeq,Bos taurus,Mexico
SAMN06855960,UNIVERSIDAD AUTONOMA DE BAJA CALIFORNIA,Illumina MiSeq,Bos taurus,Mexico
SAMN06855959,UNIVERSIDAD AUTONOMA DE BAJA CALIFORNIA,Illumina MiSeq,Bos taurus,Mexico
SAMN06855958,UNIVERSIDAD AUTONOMA DE BAJA CALIFORNIA,Illumina MiSeq,Bos taurus,Mexico
SAMN06855999,UNIVERSIDAD AUTONOMA DE BAJA CALIFORNIA,Illumina MiSeq,Bos taurus,Mexico
SAMN06855957,UNIVERSIDAD AUTONOMA DE BAJA CALIFORNIA,Illumina MiSeq,Bos taurus,Mexico
SAMN06855956,UNIVERSIDAD AUTONOMA DE BAJA CALIFORNIA,Illumina MiSeq,Bos taurus,Mexico
SAMN06855937,UNIVERSIDAD AUTONOMA DE BAJA CALIFORNIA,Illumina MiSeq,Bos taurus,Mexico
SAMN06855936,UNIVERSIDAD AUTONOMA DE BAJA CALIFORNIA,Illumina MiSeq,Bos taurus,Mexico
SAMN06855939,UNIVERSIDAD AUTONOMA DE BAJA CALIFORNIA,Illumina MiSeq,Bos taurus,Mexico
SAMN06855938,UNIVERSIDAD AUTONOMA DE BAJA CALIFORNIA,Illumina MiSeq,Bos taurus,Mexico
SAMN06855941,UNIVERSIDAD AUTONOMA DE BAJA CALIFORNIA,Illumina MiSeq,Bos taurus,Mexico
SAMN06855940,UNIVERSIDAD AUTONOMA DE BAJA CALIFORNIA,Illumina MiSeq,Bos taurus,Mexico
SAMN06855942,UNIVERSIDAD AUTONOMA DE BAJA CALIFORNIA,Illumina MiSeq,Bos taurus,Mexico
SAMN06855945,UNIVERSIDAD AUTONOMA DE BAJA CALIFORNIA,Illumina MiSeq,Bos taurus,Mexico
SAMN06855944,UNIVERSIDAD AUTONOMA DE BAJA CALIFORNIA,Illumina MiSeq,Bos taurus,Mexico
SAMN06856060,UNIVERSIDAD AUTONOMA DE BAJA CALIFORNIA,Illumina MiSeq,Bos taurus,Mexico
SAMN06856058,UNIVERSIDAD AUTONOMA DE BAJA CALIFORNIA,Illumina MiSeq,Bos taurus,Mexico
SAMN06856065,UNIVERSIDAD AUTONOMA DE BAJA CALIFORNIA,Illumina MiSeq,Bos taurus,Mexico
SAMN06855965,UNIVERSIDAD AUTONOMA DE BAJA CALIFORNIA,Illumina MiSeq,Bos taurus,Mexico
SAMN06855964,UNIVERSIDAD AUTONOMA DE BAJA CALIFORNIA,Illumina MiSeq,Bos taurus,Mexico
SAMN06855916,UNIVERSIDAD AUTONOMA DE BAJA CALIFORNIA,Illumina MiSeq,Bos taurus,Mexico
SAMN06855917,UNIVERSIDAD AUTONOMA DE BAJA CALIFORNIA,Illumina MiSeq,Bos taurus,Mexico
SAMN06855918,UNIVERSIDAD AUTONOMA DE BAJA CALIFORNIA,Illumina MiSeq,Bos taurus,Mexico
SAMN06855919,UNIVERSIDAD AUTONOMA DE BAJA CALIFORNIA,Illumina MiSeq,Bos taurus,Mexico
SAMN06855920,UNIVERSIDAD AUTONOMA DE BAJA CALIFORNIA,Illumina MiSeq,Bos taurus,Mexico
SAMN06855921,UNIVERSIDAD AUTONOMA DE BAJA CALIFORNIA,Illumina MiSeq,Bos taurus,Mexico
SAMN06855922,UNIVERSIDAD AUTONOMA DE BAJA CALIFORNIA,Illumina MiSeq,Bos taurus,Mexico
SAMN06855923,UNIVERSIDAD AUTONOMA DE BAJA CALIFORNIA,Illumina MiSeq,Bos taurus,Mexico
SAMN06855925,UNIVERSIDAD AUTONOMA DE BAJA CALIFORNIA,Illumina MiSeq,Bos taurus,Mexico
SAMN06855998,UNIVERSIDAD AUTONOMA DE BAJA CALIFORNIA,Illumina MiSeq,Bos taurus,Mexico
SAMN06855948,UNIVERSIDAD AUTONOMA DE BAJA CALIFORNIA,Illumina MiSeq,Bos taurus,Mexico
SAMN06855949,UNIVERSIDAD AUTONOMA DE BAJA CALIFORNIA,Illumina MiSeq,Bos taurus,Mexico
SAMN06855946,UNIVERSIDAD AUTONOMA DE BAJA CALIFORNIA,Illumina MiSeq,Bos taurus,Mexico
SAMN06855947,UNIVERSIDAD AUTONOMA DE BAJA CALIFORNIA,Illumina MiSeq,Bos taurus,Mexico
SAMN06855952,UNIVERSIDAD AUTONOMA DE BAJA CALIFORNIA,Illumina MiSeq,Bos taurus,Mexico
SAMN06855953,UNIVERSIDAD AUTONOMA DE BAJA CALIFORNIA,Illumina MiSeq,Bos taurus,Mexico
SAMN06855950,UNIVERSIDAD AUTONOMA DE BAJA CALIFORNIA,Illumina MiSeq,Bos taurus,Mexico
SAMN06855951,UNIVERSIDAD AUTONOMA DE BAJA CALIFORNIA,Illumina MiSeq,Bos taurus,Mexico
SAMN06855954,UNIVERSIDAD AUTONOMA DE BAJA CALIFORNIA,Illumina MiSeq,Bos taurus,Mexico
SAMN06855955,UNIVERSIDAD AUTONOMA DE BAJA CALIFORNIA,Illumina MiSeq,Bos taurus,Mexico
SAMN06856003,UNIVERSIDAD AUTONOMA DE BAJA CALIFORNIA,Illumina MiSeq,Bos taurus,Mexico
SAMN06855966,UNIVERSIDAD AUTONOMA DE BAJA CALIFORNIA,Illumina MiSeq,Bos taurus,Mexico
SAMN06855967,UNIVERSIDAD AUTONOMA DE BAJA CALIFORNIA,Illumina MiSeq,Bos taurus,Mexico
SAMN06855970,UNIVERSIDAD AUTONOMA DE BAJA CALIFORNIA,Illumina MiSeq,Bos taurus,Mexico
SAMN06855971,UNIVERSIDAD AUTONOMA DE BAJA CALIFORNIA,Illumina MiSeq,Bos taurus,Mexico
SAMN06855973,UNIVERSIDAD AUTONOMA DE BAJA CALIFORNIA,Illumina MiSeq,Bos taurus,Mexico
SAMN06855975,UNIVERSIDAD AUTONOMA DE BAJA CALIFORNIA,Illumina MiSeq,Bos taurus,Mexico
SAMN06856005,UNIVERSIDAD AUTONOMA DE BAJA CALIFORNIA,Illumina MiSeq,Bos taurus,Mexico
SAMN06855962,UNIVERSIDAD AUTONOMA DE BAJA CALIFORNIA,Illumina MiSeq,Bos taurus,Mexico
SAMN06856002,UNIVERSIDAD AUTONOMA DE BAJA CALIFORNIA,Illumina MiSeq,Bos taurus,Mexico
SAMN06856001,UNIVERSIDAD AUTONOMA DE BAJA CALIFORNIA,Illumina MiSeq,Bos taurus,Mexico
SAMN06856030,UNIVERSIDAD AUTONOMA DE BAJA CALIFORNIA,Illumina MiSeq,Bos taurus,Mexico
SAMN06856031,UNIVERSIDAD AUTONOMA DE BAJA CALIFORNIA,Illumina MiSeq,Bos taurus,Mexico
SAMN06856032,UNIVERSIDAD AUTONOMA DE BAJA CALIFORNIA,Illumina MiSeq,Bos taurus,Mexico
SAMN06856033,UNIVERSIDAD AUTONOMA DE BAJA CALIFORNIA,Illumina MiSeq,Bos taurus,Mexico
SAMN06856026,UNIVERSIDAD AUTONOMA DE BAJA CALIFORNIA,Illumina MiSeq,Bos taurus,Mexico
SAMN06856027,UNIVERSIDAD AUTONOMA DE BAJA CALIFORNIA,Illumina MiSeq,Bos taurus,Mexico
SAMN06856034,UNIVERSIDAD AUTONOMA DE BAJA CALIFORNIA,Illumina MiSeq,Bos taurus,Mexico
SAMN06856035,UNIVERSIDAD AUTONOMA DE BAJA CALIFORNIA,Illumina MiSeq,Bos taurus,Mexico
SAMN06855997,UNIVERSIDAD AUTONOMA DE BAJA CALIFORNIA,Illumina MiSeq,Bos taurus,Mexico
SAMN06855985,UNIVERSIDAD AUTONOMA DE BAJA CALIFORNIA,Illumina MiSeq,Bos taurus,Mexico
SAMN06855981,UNIVERSIDAD AUTONOMA DE BAJA CALIFORNIA,Illumina MiSeq,Bos taurus,Mexico
SAMN06855980,UNIVERSIDAD AUTONOMA DE BAJA CALIFORNIA,Illumina MiSeq,Bos taurus,Mexico
SAMN06855977,UNIVERSIDAD AUTONOMA DE BAJA CALIFORNIA,Illumina MiSeq,Bos taurus,Mexico
SAMN06855976,UNIVERSIDAD AUTONOMA DE BAJA CALIFORNIA,Illumina MiSeq,Bos taurus,Mexico
SAMN06855979,UNIVERSIDAD AUTONOMA DE BAJA CALIFORNIA,Illumina MiSeq,Bos taurus,Mexico
SAMN06855978,UNIVERSIDAD AUTONOMA DE BAJA CALIFORNIA,Illumina MiSeq,Bos taurus,Mexico
SAMN06856006,UNIVERSIDAD AUTONOMA DE BAJA CALIFORNIA,Illumina MiSeq,Bos taurus,Mexico
SAMN06856019,UNIVERSIDAD AUTONOMA DE BAJA CALIFORNIA,Illumina MiSeq,Bos taurus,Mexico
SAMN06856018,UNIVERSIDAD AUTONOMA DE BAJA CALIFORNIA,Illumina MiSeq,Bos taurus,Mexico
SAMN06856017,UNIVERSIDAD AUTONOMA DE BAJA CALIFORNIA,Illumina MiSeq,Bos taurus,Mexico
SAMN06856016,UNIVERSIDAD AUTONOMA DE BAJA CALIFORNIA,Illumina MiSeq,Bos taurus,Mexico
SAMN06856021,UNIVERSIDAD AUTONOMA DE BAJA CALIFORNIA,Illumina MiSeq,Bos taurus,Mexico
SAMN06856025,UNIVERSIDAD AUTONOMA DE BAJA CALIFORNIA,Illumina MiSeq,Bos taurus,Mexico
SAMN06855994,UNIVERSIDAD AUTONOMA DE BAJA CALIFORNIA,Illumina MiSeq,Bos taurus,Mexico
SAMN06855995,UNIVERSIDAD AUTONOMA DE BAJA CALIFORNIA,Illumina MiSeq,Bos taurus,Mexico
SAMN06855992,UNIVERSIDAD AUTONOMA DE BAJA CALIFORNIA,Illumina MiSeq,Bos taurus,Mexico
SAMN06855993,UNIVERSIDAD AUTONOMA DE BAJA CALIFORNIA,Illumina MiSeq,Bos taurus,Mexico
SAMN06855990,UNIVERSIDAD AUTONOMA DE BAJA CALIFORNIA,Illumina MiSeq,Bos taurus,Mexico
SAMN06855991,UNIVERSIDAD AUTONOMA DE BAJA CALIFORNIA,Illumina MiSeq,Bos taurus,Mexico
SAMN06855988,UNIVERSIDAD AUTONOMA DE BAJA CALIFORNIA,Illumina MiSeq,Bos taurus,Mexico
SAMN06855989,UNIVERSIDAD AUTONOMA DE BAJA CALIFORNIA,Illumina MiSeq,Bos taurus,Mexico
SAMN06855987,UNIVERSIDAD AUTONOMA DE BAJA CALIFORNIA,Illumina MiSeq,Bos taurus,Mexico
SAMN04386732,USDA,Illumina MiSeq,Cattle,USA
SAMN04386733,USDA,Illumina MiSeq,Cattle,USA
SAMN04386734,USDA,Illumina MiSeq,Cattle,USA
SAMN04386735,USDA,Illumina MiSeq,Cattle,USA
SAMN04386736,USDA,Illumina MiSeq,Cattle,USA
SAMN04386737,USDA,Illumina MiSeq,Cattle,USA
SAMN04386738,USDA,Illumina MiSeq,Cattle,USA
SAMN04386739,USDA,Illumina MiSeq,Cattle,USA
SAMN04386740,USDA,Illumina MiSeq,Cattle,USA
SAMN04386742,USDA,Illumina MiSeq,Cattle,USA
SAMN04386741,USDA,Illumina MiSeq,Cattle,USA
SAMN04386743,USDA,Illumina MiSeq,Cattle,USA
SAMN04386744,USDA,Illumina MiSeq,Cattle,USA
SAMN04386745,USDA,Illumina MiSeq,Cattle,USA
SAMN04386746,USDA,Illumina MiSeq,Cattle,USA
SAMN04386747,USDA,Illumina MiSeq,Cattle,USA
SAMN04386748,USDA,Illumina MiSeq,Cattle,USA
SAMN04386749,USDA,Illumina MiSeq,Cattle,USA
SAMN04386750,USDA,Illumina MiSeq,Cattle,USA
SAMN04386751,USDA,Illumina MiSeq,Cattle,USA
SAMN03288261,UNIVERSITY OF SAO PAULO,Illumina HiSeq 2500,Bovine,Brazil
SAMN09725654,AGRESEARCH,Illumina MiSeq,Bovine,United Kingdom
SAMN09725716,AGRESEARCH,Illumina MiSeq,Bovine,New Zealand
SAMN09725632,AGRESEARCH,Illumina MiSeq,Bovine,New Zealand
SAMN09725633,AGRESEARCH,Illumina MiSeq,Bovine,New Zealand
SAMN09725696,AGRESEARCH,Illumina MiSeq,Bovine,New Zealand
SAMN09725647,AGRESEARCH,Illumina MiSeq,Bovine,New Zealand
SAMN09725635,AGRESEARCH,Illumina MiSeq,Bovine,New Zealand
SAMN09725837,AGRESEARCH,Illumina MiSeq,Bovine,New Zealand
SAMN09725698,AGRESEARCH,Illumina MiSeq,Bovine,New Zealand
SAMN09725477,AGRESEARCH,Illumina MiSeq,Bovine,New Zealand
SAMN09725550,AGRESEARCH,Illumina MiSeq,Bovine,New Zealand
SAMN09725597,AGRESEARCH,Illumina MiSeq,Bovine,New Zealand
SAMN09725566,AGRESEARCH,Illumina HiSeq 2500,Bovine,New Zealand
SAMN09725645,AGRESEARCH,Illumina MiSeq,Bovine,New Zealand
SAMN09725827,AGRESEARCH,Illumina MiSeq,Bovine,New Zealand
SAMN09725828,AGRESEARCH,Illumina MiSeq,Bovine,New Zealand
SAMN09725648,AGRESEARCH,Illumina MiSeq,Bovine,New Zealand
SAMN09725722,AGRESEARCH,Illumina MiSeq,Bovine,New Zealand
SAMN06252306,UNIVERSITY OF GLASGOW,Illumina HiSeq 2500,BOVINE,New Zealand
SAMN06252091,UNIVERSITY OF GLASGOW,Illumina HiSeq 2500,BOVINE,New Zealand
SAMN09725736,AGRESEARCH,Illumina HiSeq 2500,Bovine,New Zealand
SAMN09725642,AGRESEARCH,Illumina MiSeq,Bovine,New Zealand
SAMN09725425,AGRESEARCH,Illumina MiSeq,Bovine,New Zealand
SAMN09725554,AGRESEARCH,Illumina MiSeq,Bovine,New Zealand
SAMN06252322,UNIVERSITY OF GLASGOW,Illumina HiSeq 2500,BOVINE,New Zealand
SAMN06252318,UNIVERSITY OF GLASGOW,Illumina HiSeq 2500,BOVINE,New Zealand
SAMN06252240,UNIVERSITY OF GLASGOW,Illumina HiSeq 2500,BOVINE,New Zealand
SAMN06252141,UNIVERSITY OF GLASGOW,Illumina HiSeq 2500,BOVINE,New Zealand
SAMN09725602,AGRESEARCH,Illumina MiSeq,Bovine,New Zealand
SAMN09725644,AGRESEARCH,Illumina MiSeq,Bovine,New Zealand
SAMN09725571,AGRESEARCH,Illumina MiSeq,Bovine,New Zealand
SAMN09725408,AGRESEARCH,Illumina MiSeq,Bovine,New Zealand
SAMN06252312,UNIVERSITY OF GLASGOW,Illumina HiSeq 2500,BOVINE,New Zealand
SAMN06252275,UNIVERSITY OF GLASGOW,Illumina HiSeq 2500,BOVINE,New Zealand
SAMN06252148,UNIVERSITY OF GLASGOW,Illumina HiSeq 2500,BOVINE,New Zealand
SAMN09725373,AGRESEARCH,Illumina HiSeq 2500,Bovine,New Zealand
SAMN09725787,AGRESEARCH,Illumina MiSeq,Bovine,New Zealand
SAMN06252116,UNIVERSITY OF GLASGOW,Illumina HiSeq 2500,BOVINE,New Zealand
SAMN14447197,USDA-NVSL-DBPL,Illumina MiSeq,cattle,Spain
SAMN14447196,USDA-NVSL-DBPL,Illumina MiSeq,cattle,Spain
SAMN14447192,USDA-NVSL-DBPL,Illumina MiSeq,cattle,Spain
SAMN09725638,AGRESEARCH,Illumina MiSeq,Bovine,New Zealand
SAMN09725459,AGRESEARCH,Illumina MiSeq,Bovine,New Zealand
SAMN09725615,AGRESEARCH,Illumina MiSeq,Bovine,New Zealand
SAMN09725497,AGRESEARCH,Illumina MiSeq,Bovine,New Zealand
SAMN06252370,UNIVERSITY OF GLASGOW,Illumina HiSeq 2500,BOVINE,New Zealand
SAMN06252259,UNIVERSITY OF GLASGOW,Illumina HiSeq 2500,BOVINE,New Zealand
SAMN06252238,UNIVERSITY OF GLASGOW,Illumina HiSeq 2500,BOVINE,New Zealand
SAMN06252215,UNIVERSITY OF GLASGOW,Illumina HiSeq 2500,BOVINE,New Zealand
SAMN06252203,UNIVERSITY OF GLASGOW,Illumina HiSeq 2500,BOVINE,New Zealand
SAMN06252172,UNIVERSITY OF GLASGOW,Illumina HiSeq 2500,BOVINE,New Zealand
SAMN06252151,UNIVERSITY OF GLASGOW,Illumina MiSeq,BOVINE,New Zealand
SAMN14447194,USDA-NVSL-DBPL,Illumina MiSeq,cattle,Spain
SAMN14447190,USDA-NVSL-DBPL,Illumina MiSeq,cattle,Spain
SAMN09725833,AGRESEARCH,Illumina MiSeq,Bovine,New Zealand
SAMN09725699,AGRESEARCH,Illumina MiSeq,Bovine,New Zealand
SAMN09725766,AGRESEARCH,Illumina MiSeq,Bovine,New Zealand
SAMN09725539,AGRESEARCH,Illumina MiSeq,Bovine,New Zealand
SAMN09725664,AGRESEARCH,Illumina MiSeq,Bovine,New Zealand
SAMN09725598,AGRESEARCH,Illumina MiSeq,Bovine,New Zealand
SAMN09725831,AGRESEARCH,Illumina MiSeq,Bovine,New Zealand
SAMN09725830,AGRESEARCH,Illumina MiSeq,Bovine,New Zealand
SAMN09725829,AGRESEARCH,Illumina MiSeq,Bovine,New Zealand
SAMN09725355,AGRESEARCH,Illumina MiSeq,Bovine,New Zealand
SAMN06252254,UNIVERSITY OF GLASGOW,Illumina HiSeq 2500,BOVINE,New Zealand
SAMN14447203,USDA-NVSL-DBPL,Illumina MiSeq,cattle,Spain
SAMN09725643,AGRESEARCH,Illumina MiSeq,Bovine,New Zealand
SAMN09725468,AGRESEARCH,Illumina MiSeq,Bovine,New Zealand
SAMN09725574,AGRESEARCH,Illumina MiSeq,Bovine,New Zealand
SAMN09725357,AGRESEARCH,Illumina MiSeq,Bovine,New Zealand
SAMN09725479,AGRESEARCH,Illumina MiSeq,Bovine,New Zealand
SAMN09725354,AGRESEARCH,Illumina MiSeq,Bovine,New Zealand
SAMN14447207,USDA-NVSL-DBPL,Illumina MiSeq,cattle,Spain
SAMN14447206,USDA-NVSL-DBPL,Illumina MiSeq,cattle,Spain
SAMN14447204,USDA-NVSL-DBPL,Illumina MiSeq,cattle,Spain
SAMN09725791,AGRESEARCH,Illumina MiSeq,Bovine,New Zealand
SAMN09725836,AGRESEARCH,Illumina MiSeq,Bovine,New Zealand
SAMN09725394,AGRESEARCH,Illumina MiSeq,Bovine,New Zealand
SAMN09725535,AGRESEARCH,Illumina MiSeq,Bovine,New Zealand
SAMN14447211,USDA-NVSL-DBPL,Illumina MiSeq,cattle,Spain
SAMN09725631,AGRESEARCH,Illumina MiSeq,Bovine,New Zealand
SAMN09725786,AGRESEARCH,Illumina MiSeq,Bovine,New Zealand
SAMN09725717,AGRESEARCH,Illumina MiSeq,Bovine,New Zealand
SAMN09725473,AGRESEARCH,Illumina MiSeq,Bovine,New Zealand
SAMN09725349,AGRESEARCH,Illumina MiSeq,Bovine,New Zealand
SAMN09725350,AGRESEARCH,Illumina MiSeq,Bovine,New Zealand
SAMN09725434,AGRESEARCH,Illumina MiSeq,Bovine,New Zealand
SAMN09725527,AGRESEARCH,Illumina MiSeq,Bovine,New Zealand
SAMN09725789,AGRESEARCH,Illumina MiSeq,Bovine,New Zealand
SAMN09725719,AGRESEARCH,Illumina MiSeq,Bovine,New Zealand
SAMN09725788,AGRESEARCH,Illumina MiSeq,Bovine,New Zealand
SAMN09725493,AGRESEARCH,Illumina MiSeq,Bovine,New Zealand
SAMN09725733,AGRESEARCH,Illumina MiSeq,Bovine,New Zealand
SAMN09725718,AGRESEARCH,Illumina MiSeq,Bovine,New Zealand
SAMN09725634,AGRESEARCH,Illumina MiSeq,Bovine,New Zealand
SAMN09725488,AGRESEARCH,Illumina MiSeq,Bovine,New Zealand
SAMN09725489,AGRESEARCH,Illumina MiSeq,Bovine,New Zealand
SAMN09725369,AGRESEARCH,Illumina MiSeq,Bovine,New Zealand
SAMN09725485,AGRESEARCH,Illumina MiSeq,Bovine,New Zealand
SAMN09725484,AGRESEARCH,Illumina MiSeq,Bovine,New Zealand
SAMN09725487,AGRESEARCH,Illumina MiSeq,Bovine,New Zealand
SAMN09725486,AGRESEARCH,Illumina MiSeq,Bovine,New Zealand
SAMN09725491,AGRESEARCH,Illumina MiSeq,Bovine,New Zealand
SAMN06252232,UNIVERSITY OF GLASGOW,Illumina HiSeq 2500,BOVINE,New Zealand
SAMN06252179,UNIVERSITY OF GLASGOW,Illumina HiSeq 2500,BOVINE,New Zealand
SAMN06252084,UNIVERSITY OF GLASGOW,Illumina HiSeq 2500,BOVINE,New Zealand
SAMN14447210,USDA-NVSL-DBPL,Illumina MiSeq,cattle,Spain
SAMN09725524,AGRESEARCH,Illumina MiSeq,Bovine,New Zealand
SAMN09725727,AGRESEARCH,Illumina MiSeq,Bovine,New Zealand
SAMN09725673,AGRESEARCH,Illumina MiSeq,Bovine,New Zealand
SAMN09725528,AGRESEARCH,Illumina MiSeq,Bovine,New Zealand
SAMN09725436,AGRESEARCH,Illumina MiSeq,Bovine,New Zealand
SAMN09725388,AGRESEARCH,Illumina MiSeq,Bovine,New Zealand
SAMN14447216,USDA-NVSL-DBPL,Illumina MiSeq,cattle,Spain
SAMN14447213,USDA-NVSL-DBPL,Illumina MiSeq,cattle,Spain
SAMN14447212,USDA-NVSL-DBPL,Illumina MiSeq,cattle,Spain
SAMN09725769,AGRESEARCH,Illumina MiSeq,Bovine,New Zealand
SAMN14336444,USDA-NVSL-DBPL,Illumina MiSeq,Cattle,Mexico
SAMN14336436,USDA-NVSL-DBPL,Illumina MiSeq,Cattle,Mexico
SAMN14336429,USDA-NVSL-DBPL,Illumina MiSeq,Cattle,Mexico
SAMN14336419,USDA-NVSL-DBPL,Illumina MiSeq,Cattle,Mexico
SAMN14336423,USDA-NVSL-DBPL,Illumina MiSeq,Cattle,Mexico
SAMN14336446,USDA-NVSL-DBPL,Illumina MiSeq,Cattle,Mexico
SAMN14336435,USDA-NVSL-DBPL,Illumina MiSeq,Cattle,Mexico
SAMN14336433,USDA-NVSL-DBPL,Illumina MiSeq,Cattle,Mexico
SAMN09725460,AGRESEARCH,Illumina MiSeq,Bovine,New Zealand
SAMN09725755,AGRESEARCH,Illumina MiSeq,Bovine,New Zealand
SAMN09725534,AGRESEARCH,Illumina MiSeq,Bovine,New Zealand
SAMN09725533,AGRESEARCH,Illumina MiSeq,Bovine,New Zealand
SAMN09725812,AGRESEARCH,Illumina MiSeq,Bovine,New Zealand
SAMN09725505,AGRESEARCH,Illumina MiSeq,Bovine,New Zealand
SAMN09725792,AGRESEARCH,Illumina MiSeq,Bovine,New Zealand
SAMN09725358,AGRESEARCH,Illumina MiSeq,Bovine,New Zealand
SAMN09725659,AGRESEARCH,Illumina MiSeq,Bovine,New Zealand
SAMN09725760,AGRESEARCH,Illumina MiSeq,Bovine,New Zealand
SAMN09725392,AGRESEARCH,Illumina MiSeq,Bovine,New Zealand
SAMN09725393,AGRESEARCH,Illumina MiSeq,Bovine,New Zealand
SAMN09725637,AGRESEARCH,Illumina MiSeq,Bovine,New Zealand
SAMN09725754,AGRESEARCH,Illumina MiSeq,Bovine,New Zealand
SAMN09725658,AGRESEARCH,Illumina MiSeq,Bovine,New Zealand
SAMN09725579,AGRESEARCH,Illumina MiSeq,Bovine,New Zealand
SAMN09725516,AGRESEARCH,Illumina MiSeq,Bovine,New Zealand
SAMN09725762,AGRESEARCH,Illumina MiSeq,Bovine,New Zealand
SAMN09725560,AGRESEARCH,Illumina MiSeq,Bovine,New Zealand
SAMN09725636,AGRESEARCH,Illumina MiSeq,Bovine,New Zealand
SAMN09725753,AGRESEARCH,Illumina MiSeq,Bovine,New Zealand
SAMN09725377,AGRESEARCH,Illumina MiSeq,Bovine,New Zealand
SAMN09725391,AGRESEARCH,Illumina MiSeq,Bovine,New Zealand
SAMN09725502,AGRESEARCH,Illumina MiSeq,Bovine,New Zealand
SAMN09725761,AGRESEARCH,Illumina MiSeq,Bovine,New Zealand
SAMN09725506,AGRESEARCH,Illumina MiSeq,Bovine,New Zealand
SAMN09725764,AGRESEARCH,Illumina MiSeq,Bovine,New Zealand
SAMN09725400,AGRESEARCH,Illumina MiSeq,Bovine,New Zealand
SAMN09725757,AGRESEARCH,Illumina MiSeq,Bovine,New Zealand
SAMN09725756,AGRESEARCH,Illumina MiSeq,Bovine,New Zealand
SAMN09725503,AGRESEARCH,Illumina MiSeq,Bovine,New Zealand
SAMN09725665,AGRESEARCH,Illumina MiSeq,Bovine,New Zealand
SAMN09725809,AGRESEARCH,Illumina MiSeq,Bovine,New Zealand
SAMN09725653,AGRESEARCH,Illumina MiSeq,Bovine,New Zealand
SAMN14447214,USDA-NVSL-DBPL,Illumina MiSeq,cattle,Spain
SAMN09725382,AGRESEARCH,Illumina MiSeq,Bovine,New Zealand
SAMN09725819,AGRESEARCH,Illumina MiSeq,Bovine,New Zealand
SAMN09725385,AGRESEARCH,Illumina MiSeq,Bovine,New Zealand
SAMN09725815,AGRESEARCH,Illumina MiSeq,Bovine,New Zealand
SAMN09725639,AGRESEARCH,Illumina MiSeq,Bovine,New Zealand
SAMN09725509,AGRESEARCH,Illumina MiSeq,Bovine,New Zealand
SAMN09725814,AGRESEARCH,Illumina MiSeq,Bovine,New Zealand
SAMN09725508,AGRESEARCH,Illumina MiSeq,Bovine,New Zealand
SAMN09725782,AGRESEARCH,Illumina MiSeq,Bovine,New Zealand
SAMN09725773,AGRESEARCH,Illumina MiSeq,Bovine,New Zealand
SAMN09725399,AGRESEARCH,Illumina MiSeq,Bovine,New Zealand
SAMN09725398,AGRESEARCH,Illumina MiSeq,Bovine,New Zealand
SAMN09725783,AGRESEARCH,Illumina MiSeq,Bovine,New Zealand
SAMN09725537,AGRESEARCH,Illumina MiSeq,Bovine,New Zealand
SAMN09725397,AGRESEARCH,Illumina MiSeq,Bovine,New Zealand
SAMN09725668,AGRESEARCH,Illumina MiSeq,Bovine,New Zealand
SAMN09725387,AGRESEARCH,Illumina MiSeq,Bovine,New Zealand
SAMN09725813,AGRESEARCH,Illumina MiSeq,Bovine,New Zealand
SAMN09725409,AGRESEARCH,Illumina MiSeq,Bovine,New Zealand
SAMN09725383,AGRESEARCH,Illumina MiSeq,Bovine,New Zealand
SAMN09725384,AGRESEARCH,Illumina MiSeq,Bovine,New Zealand
SAMN09725823,AGRESEARCH,Illumina MiSeq,Bovine,New Zealand
SAMN09725611,AGRESEARCH,Illumina MiSeq,Bovine,New Zealand
SAMN09725352,AGRESEARCH,Illumina MiSeq,Bovine,New Zealand
SAMN09725661,AGRESEARCH,Illumina MiSeq,Bovine,New Zealand
SAMN09725671,AGRESEARCH,Illumina MiSeq,Bovine,New Zealand
SAMN09725428,AGRESEARCH,Illumina MiSeq,Bovine,New Zealand
SAMN09725536,AGRESEARCH,Illumina MiSeq,Bovine,New Zealand
SAMN09725818,AGRESEARCH,Illumina MiSeq,Bovine,New Zealand
SAMN09725676,AGRESEARCH,Illumina MiSeq,Bovine,New Zealand
SAMN09725670,AGRESEARCH,Illumina MiSeq,Bovine,New Zealand
SAMN09725669,AGRESEARCH,Illumina MiSeq,Bovine,New Zealand
SAMN09725474,AGRESEARCH,Illumina MiSeq,Bovine,New Zealand
SAMN09725832,AGRESEARCH,Illumina MiSeq,Bovine,New Zealand
SAMN09725389,AGRESEARCH,Illumina MiSeq,Bovine,New Zealand
SAMN09725426,AGRESEARCH,Illumina MiSeq,Bovine,New Zealand
SAMN09725427,AGRESEARCH,Illumina MiSeq,Bovine,New Zealand
SAMN09725816,AGRESEARCH,Illumina MiSeq,Bovine,New Zealand
SAMN09725660,AGRESEARCH,Illumina MiSeq,Bovine,New Zealand
SAMN09725817,AGRESEARCH,Illumina MiSeq,Bovine,New Zealand
SAMN09725510,AGRESEARCH,Illumina MiSeq,Bovine,New Zealand
SAMN09725649,AGRESEARCH,Illumina MiSeq,Bovine,New Zealand
SAMN09725677,AGRESEARCH,Illumina MiSeq,Bovine,New Zealand
SAMN09725429,AGRESEARCH,Illumina MiSeq,Bovine,New Zealand
SAMN10966134,UNIVERSITY COLLEGE DUBLIN,Illumina MiSeq,BOVINE,United Kingdom
SAMN10966133,UNIVERSITY COLLEGE DUBLIN,Illumina MiSeq,BOVINE,United Kingdom
SAMN10966137,UNIVERSITY COLLEGE DUBLIN,Illumina MiSeq,BOVINE,United Kingdom
SAMN10966139,UNIVERSITY COLLEGE DUBLIN,Illumina MiSeq,BOVINE,United Kingdom
SAMN10966147,UNIVERSITY COLLEGE DUBLIN,Illumina MiSeq,BOVINE,United Kingdom
SAMN10966149,UNIVERSITY COLLEGE DUBLIN,Illumina MiSeq,BOVINE,United Kingdom
SAMN10966102,UNIVERSITY COLLEGE DUBLIN,Illumina MiSeq,BOVINE,United Kingdom
SAMN10966103,UNIVERSITY COLLEGE DUBLIN,Illumina MiSeq,BOVINE,United Kingdom
SAMN10966095,UNIVERSITY COLLEGE DUBLIN,Illumina MiSeq,BOVINE,United Kingdom
SAMN10966112,UNIVERSITY COLLEGE DUBLIN,Illumina MiSeq,BOVINE,United Kingdom
SAMN10966065,UNIVERSITY COLLEGE DUBLIN,Illumina MiSeq,BOVINE,United Kingdom
SAMN10966066,UNIVERSITY COLLEGE DUBLIN,Illumina MiSeq,BOVINE,United Kingdom
SAMN10966104,UNIVERSITY COLLEGE DUBLIN,Illumina MiSeq,BOVINE,United Kingdom
SAMN10966056,UNIVERSITY COLLEGE DUBLIN,Illumina MiSeq,BOVINE,United Kingdom
SAMN10966096,UNIVERSITY COLLEGE DUBLIN,Illumina MiSeq,BOVINE,United Kingdom
SAMN10966121,UNIVERSITY COLLEGE DUBLIN,Illumina MiSeq,BOVINE,United Kingdom
SAMN10966057,UNIVERSITY COLLEGE DUBLIN,Illumina MiSeq,BOVINE,United Kingdom
SAMN10966085,UNIVERSITY COLLEGE DUBLIN,Illumina MiSeq,BOVINE,United Kingdom
SAMN10966073,UNIVERSITY COLLEGE DUBLIN,Illumina MiSeq,BOVINE,United Kingdom
SAMN10966069,UNIVERSITY COLLEGE DUBLIN,Illumina MiSeq,BOVINE,United Kingdom
SAMN10966051,UNIVERSITY COLLEGE DUBLIN,Illumina MiSeq,BOVINE,United Kingdom
SAMN10966054,UNIVERSITY COLLEGE DUBLIN,Illumina MiSeq,BOVINE,United Kingdom
SAMN10966111,UNIVERSITY COLLEGE DUBLIN,Illumina MiSeq,BOVINE,United Kingdom
SAMN10966125,UNIVERSITY COLLEGE DUBLIN,Illumina MiSeq,BOVINE,United Kingdom
SAMN10966126,UNIVERSITY COLLEGE DUBLIN,Illumina MiSeq,BOVINE,United Kingdom
SAMN10966185,UNIVERSITY COLLEGE DUBLIN,Illumina MiSeq,BOVINE,United Kingdom
SAMN10966062,UNIVERSITY COLLEGE DUBLIN,Illumina MiSeq,BOVINE,United Kingdom
SAMN10966068,UNIVERSITY COLLEGE DUBLIN,Illumina MiSeq,BOVINE,United Kingdom
SAMN10966076,UNIVERSITY COLLEGE DUBLIN,Illumina MiSeq,BOVINE,United Kingdom
SAMN10966106,UNIVERSITY COLLEGE DUBLIN,Illumina MiSeq,BOVINE,United Kingdom
SAMN10966087,UNIVERSITY COLLEGE DUBLIN,Illumina MiSeq,BOVINE,United Kingdom
SAMN10966063,UNIVERSITY COLLEGE DUBLIN,Illumina MiSeq,BOVINE,United Kingdom
SAMN03199106,ST.PETERSBURG STATE UNIVERSITY,Illumina MiSeq,cow,Panama
SAMN03199229,ST.PETERSBURG STATE UNIVERSITY,Illumina MiSeq,cow,Panama
SAMN03199232,ST.PETERSBURG STATE UNIVERSITY,Illumina MiSeq,cow,Panama