Gene,size,paralog
rmlA,851,0
group_745,851,0
group_677,851,0
group_1002,851,0
group_1642,851,0
betI_1,851,0
group_1294,851,0
group_1334,851,0
mshB_1,851,0
dcd,851,0
pcp,851,0
group_758,851,0
ugpQ,851,0
group_1726,851,0
group_1276,851,0
hscA,851,0
baiE,851,0
group_1465,851,0
group_1164,851,0
group_229,851,0
vapC2,851,0
vapB2,851,0
tam,851,0
eccE3,851,0
mycP3,851,0
esxH,851,0
esxG,851,0
PE5_1,851,0
eccC3,851,0
eccA3,851,0
group_170,851,0
group_1038,851,0
group_1681,851,0
group_417,851,0
group_204,850,0
narK_1,850,0
pxpB,851,0
group_1830,851,0
group_984,851,0
cobU,851,0
nirD,851,0
group_255,851,0
group_2021,851,0
group_463,851,0
frdB,851,0
group_1484,851,0
group_689,851,0
fadI,851,0
hcaB_1,851,0
group_702,851,0
group_655,851,0
group_1945,851,0
group_1450,851,0
aftD,851,0
nrdB,848,0
group_1288,850,0
group_1262,851,0
group_1004,851,0
porA,851,0
group_837,851,0
mshA_1,851,0
group_854,851,0
group_775,851,0
group_2007,851,0
group_1150,851,0
pckG,851,0
trmB,851,0
group_2017,851,0
group_1885,851,0
group_1534,851,0
group_1026,851,0
group_52,851,0
group_1191,851,0
napA,851,0
group_1868,851,0
group_1614,851,0
ricR,851,0
group_30,851,0
group_1039,851,0
group_1380,851,0
group_1040,851,0
group_1987,851,0
group_2066,851,0
lprN_1,851,0
group_1015,851,0
group_1085,851,0
group_1979,851,0
group_187,846,0
group_922,851,0
group_108,851,0
PE3_1,851,0
kstR2_1,851,0
group_1835,851,0
pntB,851,0
group_1795,851,0
pntAA,851,0
caiA_1,851,0
group_392,851,0
group_843,851,0
group_2048,851,0
group_244,851,0
group_8,851,0
group_339,850,0
group_1027,851,0
group_1322,851,0
group_53,850,0
msrA,851,0
group_1788,851,0
fgd2,851,0
group_499,851,0
fbpC,851,0
mak,851,0
group_1424,850,0
group_1358,851,0
group_746,851,0
oxc,851,0
oxyR,851,0
group_1314,851,0
rmd,851,0
group_488,850,0
group_1735,851,0
group_2068,851,0
ctpB,851,0
dltA,851,0
group_376,851,0
group_1013,851,0
group_1998,851,0
group_1337,850,0
nagR,851,0
group_1969,851,0
group_312,851,0
purQ,851,0
purS,851,0
group_1308,851,0
mdtD_1,851,0
group_1569,851,0
purC,851,0
purB,851,0
group_734,851,0
group_1917,851,0
ywrD,851,0
purD,851,0
group_790,851,0
group_125,851,0
group_969,851,0
group_1552,851,0
group_1705,851,0
dhbA,851,0
group_2015,851,0
adhB_2,851,0
group_943,851,0
tcrY_1,851,0
group_1097,851,0
group_1493,851,0
group_580,851,0
acdA,851,0
group_1789,851,0
group_831,851,0
mmsB_2,851,0
group_1976,851,0
group_1890,851,0
group_1772,851,0
group_298,851,0
group_2045,851,0
group_1925,851,0
map1,851,0
adk,851,0
secY,851,0
group_1886,851,0
group_59,851,0
group_648,851,0
rplO,851,0
rpmD,851,0
rpsE,851,0
rplR,851,0
rplF,851,0
rpsH,851,0
rpsZ,851,0
rplE,851,0
rplX,851,0
rplN,851,0
group_85,851,0
rpsQ,851,0
rpmC,851,0
rplP,851,0
rpsC,851,0
rpsS,851,0
rplB,851,0
rplW,851,0
rplD,851,0
rplC,851,0
rpsJ,851,0
group_915,851,0
betA,851,0
mftF,851,0
mftD,851,0
mftC,851,0
group_1809,851,0
group_1951,851,0
group_1967,851,0
group_378,851,0
group_601,850,0
tuf,851,0
fusA,850,0
rpsG,851,0
rpsL,851,0
group_1466,851,0
group_1365,851,0
group_93,851,0
mmpR5,851,0
mmpS5,851,0
caiD_1,851,0
group_1121,851,0
group_2108,851,0
aidB,851,0
end,851,0
rpoC,851,0
rpoB,851,0
vapC5_1,851,0
group_21,851,0
group_266,851,0
vapC,851,0
mazF2,850,0
group_196,850,0
group_1627,850,0
group_1933,850,0
mkl,851,0
rplL,851,0
rplJ,851,0
group_1243,851,0
rdmC,851,0
mmaA1,851,0
cmaC,851,0
mmaA3,851,0
rplA,851,0
rplK,851,0
nusG,851,0
secE,851,0
group_70,851,0
group_834,851,0
group_1822,851,0
rpmG2_1,851,0
group_1018,851,0
baeB,851,0
group_1801,851,0
caiD_2,851,0
recD,851,0
vapC5_2,849,0
vapB5,851,0
group_1003,851,0
group_511,851,0
group_263,851,0
group_2095,851,0
group_1815,851,0
galK,851,0
group_1776,851,0
group_1128,851,0
group_782,851,0
group_538,851,0
group_959,851,0
group_2008,847,0
group_895,851,0
group_1816,851,0
group_1129,851,0
group_441,851,0
group_346,851,0
group_988,849,0
tcrA,850,0
group_2063,850,0
group_34,850,0
group_590,851,0
group_1005,851,0
group_1451,851,0
vapC4,851,0
group_377,833,0
group_1271,851,0
group_1678,851,0
mce2R,851,0
group_974,851,0
group_1887,851,0
group_887,851,0
group_1512,851,0
group_1692,851,0
group_1840,851,0
group_1441,851,0
group_83,851,0
oxyT,851,0
ethA_1,851,0
htpX,851,0
hepT_1,851,0
menJ,851,0
group_1098,851,0
group_1741,851,0
menG,851,0
group_1,851,0
menD,851,0
bpoC_1,851,0
menC,851,0
lcfB_2,851,0
vapB3,851,0
vapC3_1,851,0
group_1277,851,0
group_1589,851,0
group_2102,851,0
group_1971,851,0
menE_1,851,0
group_1402,851,0
group_1426,851,0
group_1875,851,0
ccsA,851,0
group_733,851,0
resA_1,851,0
hemL,851,0
group_1204,851,0
group_1959,850,0
group_1615,851,0
group_259,851,0
group_1865,851,0
group_1270,851,0
group_284,851,0
group_22,848,0
nadD,851,0
rsfS,851,0
gpgP,851,0
octT,851,0
group_340,851,0
group_2067,851,0
rpsT,851,0
group_939,851,0
group_2054,851,0
group_355,851,0
rbn_1,851,0
group_835,851,0
lepA,851,0
group_1263,851,0
cysH,851,0
sir,851,0
mbtI,851,0
aes_2,851,0
mbtA,851,0
mbtB,851,0
lgrD,851,0
mbtG,851,0
mbtH,851,0
group_35,851,0
group_1876,851,0
hrcA,851,0
dnaJ2,851,0
rsmE,851,0
group_1768,851,0
group_1340,851,0
group_1952,851,0
ybeY,851,0
group_1970,851,0
group_1693,851,0
amiA2,851,0
uppS,851,0
smtB,851,0
glyQS,851,0
esxN_1,851,0
group_547,851,0
dgt,851,0
dnaG,851,0
group_2022,851,0
group_747,851,0
mmpL9_1,851,0
cysE,851,0
cysK1,851,0
group_1279,851,0
asnC,851,0
group_776,851,0
rocD2,851,0
rocD,851,0
ugpA,851,0
group_1151,851,0
group_1357,851,0
group_1748,851,0
group_50,851,0
group_1819,851,0
group_1694,851,0
group_1513,851,0
xerC_1,851,0
group_1796,851,0
group_1169,851,0
group_1594,851,0
group_877,850,0
group_1057,849,0
group_1520,850,0
group_1063,850,0
group_23,850,0
group_489,851,0
group_474,851,0
group_531,851,0
dhmA1,851,0
group_1807,851,0
mtnN_1,851,0
cdh,851,0
group_1351,848,0
group_40,848,0
group_1810,850,0
group_1430,850,0
group_1990,850,0
group_1652,850,0
group_2086,850,0
gloB_1,851,0
group_1911,851,0
group_475,851,0
group_15,851,0
group_940,851,0
group_54,851,0
dagK,851,0
group_1944,851,0
group_1926,851,0
glpD1,851,0
accD6,851,0
kasB,851,0
kasA,851,0
acpM,851,0
fabD,851,0
group_1610,851,0
aceE,851,0
group_908,851,0
ahpE,851,0
group_1836,851,0
cobD,851,0
group_47,851,0
ptpA,851,0
group_1901,851,0
group_1838,851,0
group_1902,851,0
group_1105,851,0
panB,851,0
caeA,851,0
glnA2,851,0
glnE,851,0
glnA1,851,0
group_909,851,0
group_929,851,0
lipA,851,0
lipB,851,0
dlaT,851,0
group_1806,851,0
gcvT,851,0
ilvE,851,0
group_118,850,0
group_1559,851,0
group_1282,851,0
adoK,851,0
ctaC,851,0
ctaF,851,0
group_1537,847,0
embR_1,851,0
group_2147,851,0
group_2205,851,0
group_2140,851,0
group_2200,851,0
sdhB,851,0
sdhA_2,851,0
group_2157,851,0
sdhC,851,0
cdd,851,0
deoA,851,0
add,851,0
mtp,851,0
group_2128,851,0
group_2199,851,0
sapM,851,0
group_2197,851,0
punA,851,0
group_2129,851,0
group_2184,851,0
lpdA_2,851,0
glpD2,851,0
phoU1,851,0
group_2178,851,0
group_2217,851,0
nei1_1,851,0
group_2183,851,0
group_2160,851,0
group_2158,851,0
group_2123,851,0
group_2219,851,0
rsbW,851,0
carB_1,851,0
group_2182,851,0
sseA,851,0
group_2172,851,0
accD5_1,851,0
birA,851,0
group_2206,851,0
group_2130,851,0
purE,851,0
group_2165,851,0
group_2189,851,0
group_2131,851,0
group_2173,851,0
ctpC,851,0
group_2185,851,0
lcpA_1,851,0
wbbL,851,0
cugP,851,0
group_2177,851,0
fbiB,851,0
fbiA,851,0
whiB,851,0
group_2150,851,0
group_2152,851,0
algC,851,0
group_2202,851,0
manA,851,0
yhdG_2,851,0
alkB,851,0
alkG,851,0
rubA,851,0
group_2210,851,0
ahcY,851,0
tmk,851,0
mtrA,851,0
mtrB,851,0
lpqB,851,0
group_2164,851,0
group_2144,851,0
hpf,851,0
secA1,851,0
mddA,851,0
amhM,851,0
khtU,851,0
group_2163,851,0
desA3,851,0
rsgA,851,0
aroA,851,0
yedK,851,0
group_2181,850,0
group_2142,851,0
sigH,851,0
group_2122,851,0
rshA,851,0
group_2170,851,0
pdtaS,851,0
whiB1,851,0
group_2113,851,0
group_2124,851,0
group_2203,851,0
menF_1,851,0
group_2161,851,0
group_2151,851,0
group_2121,851,0
betI_2,851,0
group_2215,851,0
moeZ_1,851,0
group_2166,851,0
atl,851,0
group_2119,851,0
rep_1,851,0
rep_2,851,0
kefC,851,0
nudC,851,0
group_2115,851,0
group_2125,851,0
whiB7,851,0
ubiB,851,0
group_2209,851,0
group_2194,851,0
ylbL,851,0
group_2153,851,0
group_2135,846,0
group_2133,851,0
group_2114,851,0
group_2120,851,0
group_2180,851,0
group_2143,851,0
higB2_1,851,0
group_2190,851,0
group_2159,851,0
dhaA_1,851,0
group_2213,849,0
group_2167,849,0
group_2207,849,0
aofH,851,0
group_2146,851,0
group_2127,851,0
group_2145,851,0
group_2175,851,0
group_2187,851,0
yeaW,851,0
group_2186,851,0
nuoM,851,0
nuoL,851,0
group_2168,851,0
group_2110,851,0
nuoI,851,0
nuoH,851,0
nuoF,851,0
nuoE,851,0
nuoD,851,0
nuoC,851,0
nuoB,851,0
ndhC,851,0
group_2169,851,0
group_2201,851,0
caiA_2,851,0
caiA_3,851,0
group_2211,851,0
hisN,851,0
group_2214,851,0
group_2174,851,0
devR,851,0
group_2188,851,0
tgs1,851,0
group_2117,851,0
group_2118,851,0
group_2191,850,0
bioB,851,0
group_539,851,0
group_1418,851,0
nadA,851,0
nadB,851,0
nadC,851,0
hisD,851,0
hisC,851,0
hisB_2,851,0
hisH,851,0
priA_1,851,0
hisF,851,0
hisI,851,0
chaA,851,0
bcpB,851,0
trpE,851,0
trpC,851,0
trpB,851,0
trpA,851,0
group_524,851,0
group_1170,851,0
lysX_1,851,0
group_836,851,0
cydB,851,0
group_1927,851,0
pdtaR,851,0
group_1706,851,0
group_152,851,0
polA,851,0
rpsA,851,0
coaE,851,0
group_621,851,0
group_1305,851,0
group_669,851,0
gloB_2,851,0
group_206,851,0
rpmI,851,0
rplT,851,0
aviRb,851,0
group_1956,851,0
group_9,851,0
argJ,851,0
argF,851,0
argR,851,0
argG,851,0
argH,851,0
group_1643,851,0
group_1467,851,0
group_1712,851,0
cmr,851,0
acrC_1,851,0
moaA_1,851,0
menE_2,851,0
group_844,851,0
group_1665,851,0
group_1755,851,0
tyrS,851,0
group_930,851,0
group_1950,851,0
group_1420,851,0
tlyA,851,0
ppnK,851,0
recN,851,0
group_1794,851,0
mctB,851,0
pyrG,851,0
xerD,851,0
group_1570,851,0
trmR,851,0
group_1817,851,0
group_540,851,0
group_1567,851,0
scpA,851,0
scpB,851,0
group_874,851,0
cmk,851,0
der,851,0
mmgB,851,0
kynB,851,0
group_1616,851,0
kce_1,851,0
kce_2,851,0
ttgV_1,851,0
group_1891,851,0
vapC3_2,851,0
group_783,851,0
nylB,851,0
group_1203,851,0
group_490,851,0
group_1201,851,0
group_1831,851,0
group_492,851,0
narX_1,851,0
narK2,851,0
group_1797,851,0
group_925,851,0
group_1264,851,0
group_1408,851,0
idi,851,0
group_253,851,0
group_1370,851,0
group_153,851,0
msrP,851,0
group_1300,851,0
group_438,851,0
accD5_2,851,0
fadB,850,0
group_2011,851,0
csoR_1,851,0
group_1804,851,0
group_945,851,0
group_2077,851,0
group_1766,851,0
vapC9_1,851,0
group_896,851,0
group_530,851,0
purH,851,0
group_302,851,0
sucD,851,0
sucC,851,0
group_2032,851,0
uvrD1,851,0
group_24,851,0
pgi,851,0
group_869,851,0
fpg2,851,0
group_1980,851,0
group_852,851,0
group_205,851,0
ligD_1,851,0
mku,851,0
pstA2,851,0
pstB2_2,851,0
pstC2,849,0
pstS3,851,0
group_640,851,0
ord_1,851,0
rosB,851,0
mntH,851,0
group_66,851,0
group_111,851,0
group_1657,851,0
betS,851,0
group_1991,851,0
group_1172,851,0
group_725,851,0
group_313,851,0
group_777,851,0
group_748,851,0
group_1392,851,0
group_1599,851,0
ctpE,851,0
echA6,851,0
accD3,851,0
prrA,851,0
prrB,851,0
arfB,851,0
group_134,851,0
group_1879,851,0
group_2055,851,0
group_1877,851,0
group_1727,851,0
group_1679,851,0
serC,851,0
group_870,851,0
group_2069,851,0
rlmB,851,0
group_792,851,0
group_12,851,0
group_1125,851,0
group_173,851,0
yccF,851,0
group_2103,849,0
moaE2_1,851,0
mog,851,0
moaC2,851,0
fadJ,851,0
fadA_1,851,0
group_314,851,0
group_1088,851,0
group_622,851,0
group_1042,851,0
ptlF,851,0
group_1798,851,0
cysK2,851,0
lpqS,851,0
narS,851,0
narL,851,0
pip,851,0
group_497,851,0
group_1006,851,0
group_498,851,0
kmtR,851,0
group_1553,851,0
desA1,851,0
tagU,851,0
phoU2,851,0
pstB1,851,0
mshD,851,0
group_853,851,0
group_522,851,0
group_1999,851,0
mshA_2,851,0
group_1476,851,0
group_917,851,0
murB,851,0
group_2082,851,0
group_960,851,0
deoC,851,0
group_584,851,0
group_133,851,0
group_910,851,0
group_1360,851,0
group_176,851,0
group_2070,851,0
fadB2,851,0
icl,851,0
group_616,851,0
ramB,851,0
group_1916,851,0
group_2023,851,0
lpdC,851,0
group_1928,851,0
group_2104,851,0
group_155,851,0
group_41,851,0
group_585,851,0
group_720,851,0
group_1845,851,0
group_1073,851,0
group_871,851,0
mmpS4_1,851,0
mmpL4_1,851,0
group_1065,851,0
ufaA1,851,0
group_714,851,0
sigK,851,0
rskA,851,0
group_1977,851,0
group_839,851,0
groEL2,851,0
group_247,851,0
ftsH_1,851,0
group_1490,851,0
sodC,851,0
group_1940,851,0
def,851,0
group_623,851,0
group_13,851,0
thiC,851,0
thiD,851,0
group_1626,851,0
lpqL,851,0
thiG,851,0
group_1107,851,0
thiO,851,0
mutT3,851,0
group_1468,851,0
fgd1_1,851,0
gloB_3,851,0
mmpS4_2,851,0
mmgC_3,851,0
group_1560,851,0
group_973,851,0
group_1090,851,0
purT,851,0
hmp_1,851,0
group_273,851,0
group_56,851,0
group_2074,851,0
cutM,851,0
cutL,851,0
pucB,851,0
group_90,851,0
group_1805,851,0
group_1251,851,0
group_1832,851,0
fba,851,0
group_1348,851,0
group_421,851,0
hspR,851,0
dnaJ1,851,0
grpE,851,0
dnaK_2,851,0
group_1153,638,0
group_1491,851,0
group_519,851,0
group_1964,851,0
group_233,851,0
aspC_1,851,0
group_781,851,0
group_2092,851,0
group_347,851,0
zapE,851,0
group_764,851,0
caeB_2,851,0
aftC,851,0
msrB,851,0
group_931,851,0
group_1275,851,0
hemY,851,0
group_2002,850,0
dxs_1,851,0
group_94,851,0
kimA,851,0
trkA_1,851,0
group_1371,851,0
group_1427,851,0
dut,851,0
group_795,851,0
group_1972,851,0
sigA,851,0
rutC,851,0
group_1301,851,0
group_1315,851,0
group_2058,851,0
group_379,851,0
group_564,851,0
sigB,851,0
ideR,851,0
group_2059,851,0
group_2000,851,0
group_1310,851,0
group_2100,851,0
nrdR,851,0
group_95,851,0
lexA,851,0
group_1750,851,0
mmgC_4,851,0
hflX,850,0
dapF,851,0
miaA,851,0
group_1273,851,0
group_1394,851,0
group_1728,851,0
miaB,851,0
group_274,851,0
recX,851,0
recA,851,0
group_1109,851,0
rebG,851,0
ephG,851,0
group_521,851,0
argA,851,0
ftsK,851,0
group_1893,851,0
group_477,851,0
dapA,851,0
thyX,851,0
group_976,851,0
group_1206,851,0
group_51,851,0
group_1903,851,0
folA,851,0
thyA,851,0
group_1022,851,0
baiA,851,0
group_1777,851,0
group_424,851,0
group_1906,851,0
dapB,851,0
ophA1,851,0
group_33,851,0
decR,849,0
group_1171,851,0
nmoA,851,0
group_1477,851,0
group_2,851,0
rpsO,851,0
ribF,851,0
group_1353,851,0
group_1882,851,0
truB,851,0
npt,851,0
group_2060,851,0
group_1826,851,0
mazF9,851,0
mazE9,851,0
group_2010,851,0
group_1659,851,0
group_799,848,0
group_1290,851,0
group_978,851,0
group_1912,851,0
group_1774,851,0
group_523,851,0
cas2,847,0
csm6,851,0
csm3,850,0
cas6,851,0
group_1359,851,0
group_2041,851,0
group_1469,851,0
lppC,851,0
group_1729,851,0
furA,851,0
katG,851,0
group_1229,851,0
group_349,851,0
rsfA_1,851,0
dtd,851,0
group_48,851,0
group_1237,851,0
group_946,851,0
group_338,851,0
group_2037,851,0
group_141,851,0
group_1452,851,0
group_1361,851,0
hcaB_2,851,0
group_1841,851,0
bfr,851,0
group_631,851,0
group_1236,851,0
group_705,851,0
lldD,851,0
group_1523,851,0
thcD,851,0
group_470,851,0
group_921,851,0
group_1122,851,0
adhA,851,0
group_1960,851,0
apa,851,0
modC,851,0
cysW_2,851,0
group_1372,851,0
group_1338,851,0
ureF,851,0
ureB,851,0
ureA,851,0
group_911,851,0
blaI,851,0
group_2089,851,0
group_174,851,0
group_1851,851,0
gnd,851,0
guaB1,851,0
group_1364,841,0
group_130,851,0
group_1207,851,0
glcB,851,0
group_520,851,0
dhmA2_1,851,0
gcvP,851,0
group_209,851,0
group_1602,851,0
group_120,851,0
group_987,851,0
group_175,851,0
gcvH,851,0
group_164,851,0
group_17,851,0
pgsA2,851,0
secA2,851,0
group_2097,851,0
group_798,851,0
mgtC,851,0
group_1603,851,0
group_1689,850,0
group_1827,851,0
group_2012,851,0
group_558,850,0
group_1291,850,0
eccA5,851,0
eccE5,851,0
mycP5,851,0
eccD5,851,0
espG5,851,0
group_2038,851,0
group_25,851,0
glyA2,851,0
sdaA,851,0
group_2300,851,0
group_2234,851,0
vapC9_2,851,0
group_2273,851,0
group_2237,851,0
group_2272,851,0
dnaB,851,0
rplI,851,0
rpsR1_1,851,0
ssb,851,0
rpsF,851,0
inhA_1,851,0
group_2308,851,0
group_2302,851,0
group_2286,851,0
ino1,851,0
group_2334,851,0
group_2250,851,0
group_2230,851,0
group_2251,851,0
group_2330,851,0
group_2224,851,0
acpP,849,0
group_2325,850,0
group_2285,850,0
group_2303,850,0
fhaA,851,0
fhaB,851,0
trpG,851,0
group_2298,851,0
crgA,851,0
group_2259,851,0
ppiA,851,0
gyrA1,851,0
gyrB1,851,0
recF,851,0
dnaA,851,0
group_2275,851,0
parB,851,0
group_2329,851,0
cwlM,851,0
trxA,851,0
trxB,851,0
rsmA,851,0
mviN,851,0
mutT4,851,0
group_2271,851,0
esxE,851,0
group_2249,838,0
group_2299,846,0
eccE1,851,0
espL,850,0
dcsG,851,0
group_679,851,0
drrA_1,851,0
group_772,851,0
group_1044,851,0
group_269,851,0
group_1751,851,0
sufC,851,0
csd,851,0
iscU,851,0
group_1646,851,0
dmdC,851,0
trxC_1,851,0
group_260,851,0
ybiT,851,0
group_1292,851,0
group_1954,851,0
acn,851,0
group_1965,851,0
group_1850,851,0
group_2087,851,0
group_2018,851,0
fabG1,851,0
inhA_2,851,0
hemH,851,0
group_57,851,0
mutB_1,851,0
mutA,851,0
mutB_2,851,0
mazE4,851,0
group_2020,851,0
group_1309,851,0
lpxD,851,0
group_2078,851,0
group_1981,851,0
group_812,851,0
wbbL2,843,0
adh,851,0
group_1946,851,0
group_749,851,0
group_1853,851,0
betI_3,851,0
group_805,851,0
ansA,851,0
group_142,851,0
lprI,851,0
glbN,851,0
group_2001,851,0
group_560,851,0
group_784,851,0
dnaE1,851,0
group_659,851,0
frdA,851,0
group_1154,851,0
group_1091,851,0
glgX,851,0
group_2006,851,0
group_554,851,0
bioA,851,0
bioF1,851,0
bioD,851,0
group_31,851,0
group_132,851,0
group_1985,851,0
group_1155,851,0
group_589,851,0
hcaB_3,851,0
group_919,851,0
group_1645,851,0
group_855,850,0
group_1711,850,0
group_1637,850,0
dmdB,851,0
ord_2,851,0
group_315,851,0
egtC_1,851,0
group_143,851,0
group_1913,851,0
group_1302,851,0
group_1767,851,0
echA8_1,851,0
caiD_3,851,0
group_368,851,0
group_248,851,0
group_2090,851,0
aes_3,851,0
greA,851,0
group_750,851,0
mca,851,0
group_84,851,0
group_665,851,0
group_500,843,0
desA2,851,0
group_154,851,0
fumC,851,0
glpX,851,0
mazF3,851,0
mazE3,851,0
pnbA_1,851,0
pnbA_2,851,0
xseB,851,0
xseA,851,0
ispH2,851,0
group_42,851,0
group_1242,851,0
group_1366,851,0
group_1454,851,0
group_14,851,0
group_1067,848,0
group_1202,851,0
group_121,851,0
zwf1,851,0
group_2003,851,0
rutD_2,851,0
ephA_1,851,0
group_1649,851,0
ppdK,851,0
prpR,851,0
group_1188,851,0
prpC,851,0
group_688,851,0
fadA_4,851,0
caiD_4,851,0
group_2013,851,0
group_67,851,0
group_1123,851,0
paaG_1,851,0
paaG_2,851,0
group_1811,851,0
mmpL3_2,851,0
folE,851,0
folP1,851,0
folB,851,0
group_285,851,0
group_49,851,0
panC,851,0
lysS1,851,0
lsr2,851,0
clpC1,851,0
mhuD,851,0
bpoC_3,850,0
radA,851,0
lpqE,851,0
carD,851,0
ispD,851,0
ispF,851,0
cysS,851,0
group_1184,851,0
ipsA,851,0
kstR,851,0
hsaA_1,851,0
hsaC,851,0
hsaB,851,0
nat,851,0
group_2081,851,0
group_2088,851,0
fadD3_1,851,0
group_1818,851,0
fabG2_1,851,0
kstR2_2,851,0
pcaF,851,0
group_188,851,0
group_932,851,0
group_165,851,0
crt,851,0
fadH_1,851,0
group_43,851,0
fadA5,851,0
group_1590,851,0
group_4,851,0
group_1253,851,0
group_1812,851,0
group_249,851,0
group_1982,851,0
fabG,851,0
group_1820,851,0
group_1240,851,0
group_553,851,0
kshA,851,0
yrdA,851,0
group_1989,851,0
group_1208,851,0
group_1698,851,0
group_1855,851,0
group_356,851,0
group_394,292,0
amt,845,0
ffh,851,0
group_1854,851,0
pknI,851,0
group_1856,851,0
dacB,851,0
rpsP,851,0
group_493,851,0
rimM,851,0
trmD,851,0
lppW,851,0
rplS,851,0
lepB,851,0
rnhB,851,0
fdhD,851,0
fgd,851,0
group_1747,851,0
group_1662,851,0
rpsB,851,0
tsf,851,0
amiC,851,0
group_948,851,0
group_1857,851,0
pyrH,851,0
group_1873,795,0
frr,851,0
group_2093,851,0
group_1894,849,0
group_1881,851,0
dipZ,851,0
group_1293,851,0
group_624,851,0
dxr,851,0
rip1,851,0
ispG,851,0
group_276,851,0
relG,851,0
relF,851,0
mrdA,851,0
group_1321,851,0
group_1869,851,0
map,851,0
styD,851,0
bacC_2,851,0
hypB_1,851,0
hypB_2,851,0
group_348,851,0
btuR,851,0
cysG_1,851,0
efpA,851,0
proS,851,0
group_177,851,0
rimP,851,0
nusA,851,0
rbfA,851,0
nrnA,851,0
echA8_2,851,0
group_785,851,0
group_1231,851,0
group_127,851,0
group_145,851,0
mnmA,851,0
iscS,851,0
group_44,851,0
group_324,851,0
etfA,851,0
etfB,851,0
group_447,851,0
group_1071,851,0
group_1639,851,0
group_2009,851,0
group_72,851,0
group_2019,851,0
group_1319,851,0
group_1957,851,0
group_681,851,0
group_1519,851,0
ylmA,851,0
serB2,851,0
yfiY,851,0
adhC,851,0
group_1367,851,0
group_2071,851,0
nrdI,851,0
nrdH,851,0
sadH_1,851,0
ethR_1,851,0
group_1227,851,0
group_1233,851,0
ligB,851,0
cstA,851,0
group_878,851,0
mmr,851,0
rcdA,851,0
group_1880,851,0
group_96,851,0
group_1556,851,0
group_286,849,0
habA,851,0
virS_1,851,0
mymA,851,0
adhD,851,0
tgs4,851,0
group_1163,851,0
group_1973,851,0
group_128,851,0
group_288,851,0
group_290,851,0
smpB,851,0
ftsX,851,0
ftsE,851,0
prfB,851,0
fprA,851,0
group_1156,850,0
group_1213,828,0
gph,828,0
asd,851,0
group_1829,851,0
group_1919,851,0
group_1538,851,0
egtA,851,0
egtC_2,851,0
egtD,851,0
egtE,846,0
group_1250,846,0
group_846,851,0
group_10,851,0
group_1923,851,0
group_2029,851,0
group_1249,851,0
rsfB,851,0
group_1799,851,0
group_2079,851,0
group_1813,851,0
group_2004,851,0
group_1571,851,0
group_505,851,0
gloB_4,851,0
crp,851,0
group_267,851,0
nth,851,0
resA_3,851,0
nudL,851,0
group_1723,851,0
ephA_2,851,0
group_2101,851,0
group_1252,851,0
acsA,851,0
dppB,851,0
group_809,851,0
group_230,851,0
group_2049,850,0
group_1984,850,0
group_2072,850,0
cspA,851,0
group_1888,851,0
group_1707,851,0
group_1295,851,0
group_1265,851,0
fic,851,0
group_1647,851,0
group_802,851,0
galE1,851,0
group_1671,851,0
ppm1_1,851,0
ppa,851,0
group_1345,851,0
group_1934,851,0
tilS,851,0
group_3,851,0
espA,851,0
espC,851,0
espD,851,0
rbn_2,851,0
embB,851,0
embA,851,0
embC,851,0
dprE2,851,0
dprE1,851,0
group_842,851,0
group_197,851,0
group_18,851,0
group_1667,851,0
group_1935,851,0
rfbB,850,0
group_541,851,0
group_1739,851,0
group_2056,851,0
yfeW_2,851,0
echA8_3,851,0
pat,851,0
group_1828,851,0
group_1313,851,0
group_1362,851,0
group_1904,851,0
group_1525,851,0
group_2098,851,0
group_448,851,0
tcrY_2,851,0
yjcS,851,0
yehZ,851,0
opuBA,851,0
opuBB,851,0
group_2094,851,0
tadA_3,851,0
group_981,851,0
group_1941,851,0
group_2043,851,0
group_1487,851,0
group_1303,851,0
group_1781,851,0
group_2042,851,0
group_897,848,0
virS_2,851,0
group_179,851,0
group_1953,851,0
ligC,850,0
group_1719,851,0
group_2031,851,0
lucA,851,0
group_1974,851,0
dnaX,851,0
group_1535,851,0
group_1307,851,0
group_1051,851,0
group_7,851,0
recR,851,0
group_278,851,0
gatD,851,0
murT,851,0
group_1429,823,0
group_682,823,0
rsfA_2,823,0
group_641,823,0
group_786,823,0
group_1715,823,0
lprF,823,0
group_320,645,0
pyrB,851,0
pyrC,851,0
group_97,851,0
carA,851,0
pyrF,851,0
group_1942,851,0
group_1878,851,0
gmk,851,0
rpoZ,851,0
group_1130,851,0
group_210,851,0
nlhH_2,851,0
rpe,851,0
ribD,851,0
group_1074,851,0
ribE,851,0
ribBA_1,851,0
ribH,851,0
group_408,851,0
group_316,851,0
uvrC,851,0
group_1997,851,0
whiA,851,0
group_1775,851,0
group_1471,851,0
group_422,851,0
thi4,851,0
group_501,851,0
gap,851,0
pgk,851,0
tpiA,851,0
group_787,851,0
group_950,851,0
group_1541,851,0
group_1576,851,0
plsB,849,0
group_36,851,0
ettA_2,851,0
group_975,851,0
group_409,851,0
glbO,851,0
group_1391,851,0
group_660,851,0
group_380,851,0
pepN,851,0
rpiB,851,0
nei1_2,851,0
tig,851,0
clpP1,851,0
clpP2,851,0
mmuM,851,0
clpX,851,0
group_1581,851,0
korA,851,0
korB,851,0
mobA,851,0
valS,851,0
folC,851,0
group_1404,851,0
ndkA,851,0
rne,851,0
dctA,851,0
rplU,851,0
rpmA,851,0
obg,851,0
proB,851,0
nadE,851,0
group_707,851,0
rbsKrbiA,851,0
group_2044,851,0
group_1992,851,0
group_1870,851,0
ahpD,851,0
proA,851,0
ppsE,851,0
drrA_2,851,0
drrB,851,0
drrC,851,0
papA5,851,0
group_710,851,0
mmpL7,851,0
group_1341,554,0
lppX,851,0
group_460,851,0
group_1808,851,0
group_675,851,0
group_1833,851,0
group_527,851,0
group_1582,851,0
group_2040,851,0
group_964,851,0
group_1672,851,0
purU,851,0
group_1342,851,0
coaD,851,0
rsmD,851,0
group_1858,851,0
group_827,851,0
group_308,851,0
group_299,851,0
rpmB_1,851,0
thiL,851,0
group_1871,851,0
group_1905,851,0
group_1988,851,0
amiB2,851,0
group_751,851,0
group_317,851,0
tap,851,0
group_1993,851,0
group_1823,851,0
group_87,851,0
kgd,851,0
relE,851,0
sadH_3,851,0
sugC,851,0
sugB,851,0
group_2076,851,0
group_1494,851,0
group_2025,851,0
group_1631,851,0
mrp,851,0
group_752,851,0
group_1248,851,0
tatB,851,0
group_1047,851,0
rseA,851,0
sigE,851,0
group_990,851,0
raaS,851,0
group_5,851,0
group_1355,851,0
cocE_2,851,0
glgC,851,0
group_1514,851,0
tag,851,0
gpgS,851,0
folP2,851,0
log,851,0
group_900,851,0
dapE_1,851,0
dapD,851,0
group_617,849,0
group_1405,850,0
lprJ_2,850,0
group_2024,851,0
folD,851,0
relK,851,0
mfpA,850,0
group_1883,851,0
group_1428,851,0
group_1232,851,0
trmL,851,0
group_1539,851,0
group_1031,851,0
group_1417,851,0
otsB,851,0
group_1907,851,0
group_1492,849,0
group_1962,849,0
group_1316,850,0
rihA,851,0
group_1209,851,0
guaA,851,0
group_667,851,0
group_341,851,0
esxV,848,0
group_1846,851,0
group_1311,851,0
group_161,851,0
tcrX_3,851,0
tcrY_3,851,0
kdpC,851,0
kdpB,851,0
kdpA,851,0
group_1931,851,0
group_1713,851,0
kdpE,850,0
group_1019,849,0
group_1947,850,0
ppx2,850,0
group_1312,851,0
eno,851,0
group_1069,851,0
mazG,851,0
mfd,851,0
glmU,851,0
prs,851,0
group_1062,851,0
rplY,851,0
pth,851,0
group_967,851,0
ispE,851,0
ksgA,851,0
rpfB,851,0
metG,851,0
menF_2,851,0
rsmI,851,0
pmt,851,0
group_1699,851,0
group_892,851,0
group_321,851,0
group_1921,851,0
rimJ,851,0
gtaB,851,0
group_1373,851,0
group_971,851,0
moaB,851,0
group_1335,851,0
mprA,851,0
group_1847,851,0
group_739,851,0
group_1510,851,0
group_2099,851,0
group_1258,851,0
aspS,851,0
group_426,851,0
group_55,851,0
group_158,851,0
group_912,851,0
dhaA_2,851,0
hisS,851,0
group_1356,851,0
ppiB,851,0
group_924,851,0
secD,851,0
yajC,851,0
car,851,0
ruvB,851,0
ruvA,851,0
ruvC,851,0
group_1684,851,0
group_122,851,0
group_800,851,0
group_2050,851,0
group_666,851,0
group_920,851,0
pdxT,851,0
tesB_2,851,0
pdxS,851,0
pdxH,851,0
group_1958,851,0
group_2091,851,0
pgsA1,851,0
group_1859,851,0
group_2288,851,0
group_2240,851,0
glpQ1,851,0
lcpB,851,0
group_2270,851,0
pheA,851,0
serS,851,0
group_2318,851,0
group_2239,850,0
group_2295,850,0
group_2301,850,0
group_2236,851,0
group_2241,851,0
group_2255,851,0
group_2242,851,0
yitU,851,0
group_2260,851,0
erp,851,0
glf,851,0
glfT2,851,0
group_2225,851,0
group_2309,851,0
fbpA,851,0
group_2326,851,0
group_2263,851,0
group_2319,851,0
group_2238,851,0
accD5_3,850,0
dapE_2,851,0
group_2064,851,0
pyrD,851,0
group_2084,851,0
group_1943,851,0
pspA_2,851,0
group_1860,851,0
group_1597,851,0
mshC,851,0
hisE,851,0
group_234,851,0
group_369,851,0
group_2026,851,0
lppK,851,0
mpa,851,0
group_1555,851,0
dop,851,0
pup,851,0
prcB,851,0
lipY_2,851,0
group_212,851,0
group_268,851,0
group_754,851,0
group_383,851,0
pafB,851,0
tatA,851,0
tatC,851,0
group_1045,851,0
group_29,851,0
group_1790,851,0
group_1961,851,0
group_1568,851,0
lcfB_4,851,0
group_46,851,0
sigI,851,0
chp2,850,0
alaC,851,0
fdxA_1,851,0
group_1929,851,0
group_19,851,0
group_1892,851,0
mshB_2,851,0
lipY_3,851,0
group_2028,851,0
group_1791,851,0
lpqW,851,0
narX_2,851,0
narY,851,0
group_2105,851,0
pimE,851,0
group_1861,851,0
group_1317,851,0
group_632,851,0
group_1460,836,0
group_129,851,0
choD,851,0
guaB3,851,0
guaB,851,0
group_1032,851,0
sigD,851,0
whiB3,851,0
groEL1,851,0
groS,851,0
tsaD,851,0
rimI,851,0
group_1586,851,0
tsaE,851,0
alr,851,0
group_1908,851,0
group_322,851,0
gadA,851,0
group_1257,851,0
glmS,851,0
group_292,851,0
group_1284,851,0
glmM,851,0
group_1680,851,0
rplQ,851,0
rpsK,851,0
rpsM,851,0
infA,851,0
group_262,851,0
rmlB,851,0
rmlC,851,0
group_1909,851,0
group_1864,851,0
group_1137,851,0
group_1617,851,0
group_78,851,0
group_1281,848,0
group_980,851,0
group_1918,851,0
group_1422,851,0
higB1,851,0
secBL,850,0
group_1731,851,0
parE1,851,0
parD1,851,0
group_1695,851,0
group_1070,851,0
group_26,851,0
group_216,851,0
group_307,851,0
group_1272,851,0
nrdF1,851,0
group_1939,851,0
group_952,851,0
group_2053,849,0
group_722,851,0
group_494,851,0
ermD,851,0
group_1700,851,0
group_214,851,0
group_1782,851,0
mazF6,851,0
mazE6,851,0
group_761,849,0
fabG3,851,0
group_1298,851,0
group_1241,851,0
group_1190,851,0
group_131,851,0
fdxA_2,851,0
group_495,851,0
group_801,851,0
group_755,851,0
group_1685,851,0
group_1843,851,0
group_913,851,0
atpC,851,0
atpD,851,0
atpG,851,0
atpFH,851,0
atpF,851,0
group_199,851,0
wecA,851,0
group_1498,851,0
prfA,851,0
rpmE,851,0
rho,851,0
thrB,851,0
thrC,851,0
lysA,851,0
argS,851,0
group_1783,851,0
group_399,846,0
group_1676,851,0
group_200,851,0
cysNC,851,0
cysD,851,0
mtcA1,851,0
group_2057,851,0
group_171,851,0
group_691,851,0
group_965,851,0
group_242,851,0
group_1824,851,0
group_37,851,0
group_2027,851,0
lprB,851,0
group_686,851,0
group_1697,851,0
group_1368,851,0
group_1254,851,0
embR_2,851,0
group_1343,851,0
group_914,851,0
group_440,851,0
group_561,851,0
group_325,851,0
ldtB,851,0
group_791,851,0
acpS,851,0
group_0,851,0
group_1124,851,0
group_789,851,0
group_1138,851,0
mrr,851,0
group_956,851,0
nusB,851,0
efp,851,0
ypdF,851,0
aroQ,851,0
aroB,851,0
aroK,851,0
group_1897,848,0
group_1007,851,0
group_1344,851,0
group_1369,851,0
group_536,851,0
group_443,851,0
group_841,851,0
alaS,851,0
group_1666,851,0
mbtK,851,0
mbtN,851,0
mbtM,851,0
mbtL,851,0
group_1504,851,0
rph,851,0
group_810,851,0
murI,851,0
group_1320,851,0
cysM,851,0
cysO,851,0
mec,851,0
group_1986,851,0
group_1844,851,0
clpS,851,0
dinG,851,0
glgE,851,0
epi,851,0
nucS,851,0
ogt,851,0
murA,851,0
group_1884,851,0
ddl,851,0
fbiD,851,0
mutT1,851,0
leuD,851,0
leuC,851,0
kdgR,851,0
group_251,851,0
group_160,851,0
gltX,851,0
leuB,851,0
serA,851,0
group_439,851,0
group_1975,851,0
group_2075,851,0
group_1932,851,0
ilvC,851,0
ilvH,851,0
ilvB1,851,0
cfp6,851,0
group_1930,851,0
gatB,851,0
gatA,851,0
gatC,851,0
group_1409,851,0
ligA,851,0
group_1572,846,0
group_258,851,0
group_1619,851,0
pncA,851,0
group_605,851,0
group_1472,851,0
msiK_2,851,0
group_2062,851,0
group_1558,851,0
group_178,851,0
group_1848,851,0
acg,851,0
hspX,851,0
pfkB,851,0
group_357,851,0
group_146,851,0
group_2080,851,0
group_591,849,0
group_1605,851,0
higA2_2,851,0
group_2051,849,0
group_1143,851,0
group_1983,851,0
sdsA,851,0
group_60,851,0
lppM,851,0
group_1686,851,0
group_1092,851,0
mraZ,851,0
rsmH,851,0
group_1821,850,0
murD,851,0
ftsW,851,0
murG,851,0
ftsQ,851,0
ftsZ,851,0
group_563,851,0
sepF,851,0
group_2052,851,0
group_716,851,0
parD2,851,0
parE2,851,0
group_1724,851,0
group_1963,851,0
group_1937,851,0
group_1395,851,0
group_886,851,0
group_235,851,0
group_1889,851,0
otsA,851,0
group_1543,851,0
group_1849,851,0
lcpA_2,851,0
group_1792,849,0
group_1299,849,0
group_1968,849,0
group_213,850,0
group_365,228,0
metY,851,0
group_1020,851,0
trpS,851,0
yhjD,851,0
merR1,851,0
group_1914,851,0
group_323,851,0
group_1675,851,0
sigJ,851,0
esxA,851,0
eccB1,851,0
eccA1,851,0
espH,851,0
espG1,851,0
espF,851,0
group_2283,851,0
gltB,851,0
gltD,851,0
group_2228,851,0
ycdX,851,0
ethR_2,851,0
rraA,851,0
group_2248,851,0
group_2258,851,0
group_2328,851,0
espR,851,0
group_2226,851,0
sodB,851,0
group_2276,851,0
group_202,851,0
mazE5,851,0
mazF5,851,0
linC,851,0
ribBA_2,851,0
ephB_2,851,0
acrC_2,829,0
tpx,829,0
group_728,829,0
group_2083,829,0
budC,829,0
group_257,851,0
group_712,851,0
group_1323,851,0
group_1579,851,0
group_2046,851,0
group_2030,851,0
group_1978,841,0
group_1895,850,0
group_1318,851,0
cobL,851,0
cobM,851,0
cobK,851,0
mazE7,851,0
group_1094,851,0
group_1136,851,0
group_1587,851,0
rpmB_2,851,0
rpmG2_2,851,0
rpsN,851,0
clcD,851,0
group_2065,851,0
hutI_1,851,0
rbpA,849,0
group_2085,851,0
group_270,851,0
group_661,851,0
group_1598,851,0
arsR1,851,0
cadI,851,0
group_1524,851,0
group_1800,851,0
group_588,851,0
group_1234,850,0
group_271,851,0
hrp1,851,0
group_100,851,0
group_466,851,0
group_1374,851,0
group_879,851,0
group_1578,851,0
group_668,850,0
group_68,850,0
group_1994,851,0
cysG_2,851,0
hemC,851,0
hemA,851,0
group_2106,851,0
mmpS2,851,0
serB1,851,0
group_69,851,0
cmaA2,851,0
group_1924,851,0
group_1920,851,0
group_592,851,0
proC,851,0
group_342,851,0
group_11,851,0
group_811,851,0
group_1167,851,0
group_633,851,0
regX3,851,0
group_2247,851,0
group_2323,851,0
group_2254,851,0
group_2310,849,0
ndhB,849,0
group_2221,851,0
group_2256,851,0
mtnN_2,851,0
group_2317,851,0
group_1955,851,0
malQ,851,0
eccB5,851,0
eccC5_2,851,0
group_1784,851,0
group_1158,851,0
group_1995,851,0
group_1785,851,0
group_1996,851,0
irtB,851,0
group_27,851,0
group_1406,851,0
group_685,851,0
group_1769,823,0
group_1793,823,0
group_596,823,0
group_2005,823,0
aroG,851,0
group_38,851,0
group_2109,851,0
group_1536,851,0
group_991,851,0
group_1211,851,0
group_1842,851,0
group_756,851,0
group_1256,851,0
group_723,851,0
pimB,851,0
group_1786,851,0
group_2107,851,0
group_573,851,0
trpD,851,0
ctaE,851,0
qcrC,851,0
group_1297,851,0
group_872,851,0
group_880,851,0
bkdC,851,0
bkdA,851,0
citE,851,0
mmgC_6,851,0
group_1021,851,0
scoB,851,0
scoA,851,0
group_1966,851,0
phy,851,0
group_1419,851,0
ttgV_2,851,0
group_2073,851,0
group_1531,851,0
group_1948,851,0
sseC2,851,0
group_2338,851,0
group_2340,851,0
group_2336,851,0
group_2337,851,0
purM,851,0
group_2335,851,0
cpsY,851,0
cpdA,851,0
group_1411,729,0
group_1024,851,0
group_1862,851,0
rnc,851,0
group_2014,849,0
kgtP,849,0
menH,849,0
group_39,849,0
group_2016,851,0
fcl,851,0
lin,851,0
yfeX,851,0
apeB,851,0
group_2339,851,0
purL,851,0
acyP,851,0
ftsY,851,0
orn,851,0
group_1393,380,0
ilvX,850,0
group_1872,851,0
group_162,851,0
senX3,851,0
qcrB,851,0
group_2345,850,0
group_2347,850,0
group_2348,849,0
group_2349,701,0
rpmF,851,0
moeZ_2,849,0
esxS,848,0
group_1852,848,0
group_1423,850,0
group_2265,851,0
group_2351,790,0
PE5_2,826,0
group_2352,817,0
group_2353,709,0
group_1267,851,0
group_2355,2,0
group_850,58,0
group_2195,850,0
group_2356,1,0
mazF7,851,0
group_1660,115,0
group_759,115,0
group_1717,115,0
group_672,846,0
group_2357,822,0
group_1866,851,0
group_1661,50,0
group_535,50,0
group_1896,54,0
group_1407,54,0
group_849,55,0
group_319,56,0
group_1033,364,0
group_1296,364,0
group_16,364,0
group_350,364,0
group_1898,364,0
group_28,364,0
group_1215,364,0
group_979,364,0
group_1173,364,0
group_902,364,0
group_6,364,0
group_2358,36,0
group_2360,36,0
group_1837,851,0
group_1910,651,0
group_2362,1,0
group_2363,302,0
group_1899,22,0
group_1702,39,0
group_32,84,0
group_796,268,0
group_219,161,0
group_1068,21,0
group_727,183,0
group_1588,185,0
group_1573,184,0
group_1900,184,0
group_2364,6,0
group_2365,60,0
group_1545,21,0
group_2366,8,0
group_1915,3,0
kefC_2,1,0
group_2367,6,0
group_2369,56,0
group_2368,55,0
group_2132,18,0
group_1721,54,0
group_1814,39,0
group_1327,1,0
group_2039,1,0
group_2313,16,0
group_1867,1,0
galP,1,0
group_45,1,0
group_180,1,0
group_2370,2,0
group_1922,1,0
group_2371,8,0
group_451,2,0
group_2372,1,0
group_1325,31,0
group_2373,2,0
group_2374,3,0
group_58,1,0
group_2047,8,0
group_2375,1,0
group_1175,1,0
group_398,1,0
group_609,4,0
group_2376,4,0
group_185,2,0
group_1526,3,0
group_1225,4,0
group_1787,2,0
group_2377,2,0
group_2378,4,0
group_2379,1,0
group_140,1,0
group_2380,1,0
group_1949,1,0
group_2381,1,0
group_1363,2,0
group_2382,2,0
pcaA_1,1,0
group_2383,49,0
group_2384,1,0
group_366,1,0
group_2385,8,0
group_545,2,0
group_1443,1,0
group_2386,6,0
group_1839,4,0
oppD,1,0
group_296,1,0
group_2387,5,0
group_2388,2,0
mmpL9_3,1,0
group_2096,1,0
group_2389,1,0
group_2148,1,0
group_1287,1,0
group_2390,1,0
group_2391,1,0
group_1802,1,0
group_256,1,0
group_1874,1,0
group_1095,2,0
group_1099,1,0
group_1803,2,0
group_2392,1,0
group_124,1,0
group_1521,1,0
group_2393,2,0
group_62,851,1
group_63,94,1
group_64,94,1
group_65,758,1
group_71,849,1
esxJ_1,848,1
group_1259,8,1
glfT1,8,1
group_1261,848,1
tagH,10,1
bpa,851,1
esxW,3,1
group_73,851,1
group_74,851,1
group_75,851,1
group_76,851,1
group_77,851,1
group_2320,594,1
group_79,26,1
group_80,761,1
group_81,847,1
group_82,3,1
group_88,464,0
group_89,847,0
bluB,851,0
group_91,850,0
group_92,851,0
group_98,851,0
amiD_1,851,0
group_99,851,0
mutT2,851,0
relB,851,0
group_101,851,0
group_102,850,0
sigM,851,0
group_103,851,0
group_104,851,0
group_105,851,0
lprE,851,0
group_106,851,0
infC,851,0
group_107,851,0
aftA,851,0
papA1_1~~~papA1_2~~~papA1,851,0
group_109,851,0
papA3,840,0
group_110,851,0
group_113,851,0
group_112,851,0
group_114,851,0
group_115,851,0
group_116,851,0
group_117,851,0
citA,810,0
group_119,851,0
group_2243,851,0
group_2244,851,0
group_123,851,0
pks1_2~~~pks1_3,851,0
group_126,851,0
group_2245,851,0
group_135,810,0
csm2,851,0
whiB4,851,0
group_136,851,0
glnB,851,0
group_137,851,0
cutS~~~coxS,851,0
apt,851,0
group_139,851,0
group_2253,851,0
group_144,851,0
group_2342,851,0
group_148,851,0
group_147,850,0
group_149,851,0
pepO,851,0
espJ,851,0
group_150,851,0
group_151,851,0
group_156,851,0
group_157,823,0
sauT,851,0
group_2264,851,0
group_159,851,0
group_163,851,0
mymT,851,0
group_166,851,0
ackA,851,0
group_167,851,0
group_168,851,0
dinG_1,851,0
nmtR,851,0
glgP,851,0
group_169,851,0
group_172,851,0
cmaA1,851,0
hycG,851,0
ilvG_1~~~ilvG_2~~~ilvG,851,0
eccB3_2~~~eccB3_1,851,0
cbiX,851,0
group_181,851,0
group_182,851,0
lpqH,851,0
group_183,851,0
group_184,851,0
nadR,851,0
tdh,851,0
sigF,851,0
group_186,851,0
pepE,851,0
act,851,0
yedI,851,0
group_189,851,0
group_2305,850,0
group_190,851,0
group_191,851,0
tesA,851,0
group_192,851,0
group_193,850,0
group_194,851,0
recB_2,851,0
group_195,851,0
group_198,851,0
hemB,851,0
group_201,851,0
tesE,851,0
group_2311,851,0
truA,851,0
group_203,851,0
secF,851,0
group_208,844,0
group_207,851,0
group_1825,851,0
group_215,851,0
group_211,851,0
group_1834,851,0
group_218,851,0
group_217,851,0
qcrA,851,0
group_220,851,0
crcB1,851,0
group_221,851,0
group_222,851,0
group_223,851,0
alkA,851,0
group_224,851,0
nfdA,851,0
group_225,851,0
gltA2,851,0
upp,851,0
ppm1_2,851,0
group_226,851,0
group_227,851,0
group_228,851,0
group_2208,851,0
mmgC_4~~~mmgC_5~~~mmgC_2,851,0
accA1_1,851,0
accA1_2,851,0
group_1863,851,0
group_231,851,0
group_232,851,0
fabR,851,0
purN,851,0
group_236,851,0
arcA,851,0
tatD,851,0
group_237,851,0
yfeW_1~~~dap_1,850,0
group_238,851,0
lprG,851,0
lprN_1~~~lprN_2,851,0
group_239,851,0
group_240,851,0
group_241,851,0
comEA,851,0
group_243,850,0
tkt,851,0
cobS,851,0
group_245,851,0
group_246,851,0
cobH,851,0
yidC,851,0
group_250,851,0
mmgC_5~~~mmgC_1,851,0
group_252,851,0
mazE,851,0
group_254,851,0
group_2218,851,0
group_2220,851,0
pfkA,851,0
rodA,851,0
caiA_4,851,0
group_261,851,0
group_1936,850,0
group_1938,850,0
mraY,851,0
group_2222,851,0
hycE,849,0
group_264,851,0
group_265,851,0
gpsA2,851,0
group_272,851,0
group_277,851,0
group_275,851,0
tcrX_3~~~tcrX_1,851,0
era,851,0
group_279,851,0
cenA,851,0
group_2231,572,0
sbnA,851,0
group_280,851,0
group_281,851,0
group_282,851,0
espG3,851,0
group_283,851,0
tesB_1,851,0
uvrB,851,0
group_287,851,0
group_289,851,0
mftE,851,0
group_291,851,0
metZ,851,0
cut3_1~~~cut3_2,850,0
bcp,851,0
group_2139,851,0
arfC,851,0
rlmB_2,851,0
group_293,851,0
group_294,851,0
group_295,851,0
group_2141,851,0
hcaB_2~~~bacC_1,851,0
fgd1_2,851,0
ureD,851,0
mycP1,851,0
group_297,851,0
pcaF_1~~~fadA_2,851,0
group_300,851,0
group_301,851,0
eccB2_2~~~eccB3_2,850,0
eccD1_2,851,0
group_303,851,0
group_304,851,0
group_305,851,0
treS,851,0
group_306,851,0
rutD_1,851,0
group_309,851,0
group_310,851,0
hemE,851,0
group_2252,851,0
group_311,851,0
yoaD,851,0
rpsI,851,0
group_318,851,0
hom,851,0
caeB_2~~~caeB_1~~~caeB_3,851,0
group_2033,851,0
group_2034,851,0
group_2035,851,0
group_2036,851,0
group_326,850,0
cinA_1~~~cinA~~~cinA_2,851,0
eryA,851,0
group_327,76,0
group_328,851,0
aes_2~~~nlhH_1~~~aes_1,851,0
group_329,851,0
group_330,851,0
group_331,851,0
lacF_2,851,0
pnp,851,0
lppE,851,0
walR,851,0
group_332,851,0
dasC,849,0
group_333,851,0
group_334,851,0
group_335,851,0
group_336,851,0
group_337,851,0
pbpA,851,0
group_343,851,0
ddn_1,851,0
group_344,851,0
group_345,851,0
pbpX~~~dap_3,851,0
group_2278,851,0
group_351,851,0
hpaC~~~rutF,851,0
lprJ_1,851,0
ravA,851,0
group_352,851,0
group_353,851,0
mas_2~~~mas_1~~~mas,851,0
group_2179,851,0
group_354,851,0
nimR,851,0
metK,851,0
cmoB,851,0
hemW,851,0
group_358,851,0
group_359,848,0
group_360,851,0
COQ5_2,851,0
cysQ,851,0
vapB4,851,0
nuoG,851,0
mntR,851,0
group_361,851,0
yqeY,851,0
gpmA,851,0
group_362,850,0
group_363,851,0
group_364,851,0
group_367,851,0
sap_2,851,0
cshA~~~deaD_1,851,0
group_370,850,0
group_371,851,0
group_372,851,0
glgM,851,0
esxU,851,0
group_373,851,0
group_374,850,0
group_375,146,0
tdh_1~~~qorA_1,851,0
argB,851,0
pstA1,851,0
lcfB_1,851,0
group_381,850,0
group_382,851,0
group_2193,850,0
pknD_3~~~pknD_4,851,0
group_384,851,0
paaZ,851,0
group_385,851,0
group_386,823,0
corA,851,0
group_387,851,0
group_2196,851,0
ddn_2,851,0
group_388,851,0
group_389,708,1
group_390,846,0
group_391,851,0
group_393,851,0
group_395,851,0
group_396,851,0
group_400,851,0
group_397,851,0
deaD_2,851,0
group_401,851,0
group_402,851,0
group_403,851,0
group_404,851,0
group_405,851,0
ripB_1~~~ripB_2~~~ripB,851,0
group_406,851,0
group_407,851,0
group_411,844,0
group_410,851,0
pstB2_1,851,0
group_412,851,0
group_413,851,0
group_414,851,0
group_415,851,0
dap_1,851,0
group_416,851,0
pknD_3~~~pknD_2~~~pknD_1,851,0
whiB6,851,0
group_418,851,0
group_419,851,0
sadH_2,851,0
group_420,851,0
group_2315,851,0
ald2~~~drdA,851,0
pimC_2~~~pimC~~~pimC_1,851,0
group_138,851,0
group_429,851,0
group_423,851,0
cdsA,851,0
purF,851,0
group_425,850,0
group_432,829,0
group_427,851,0
group_428,851,0
group_430,847,0
group_431,851,0
ugpB,851,0
bmr3,851,0
crtB,851,0
group_433,851,0
group_434,32,0
gpsA,851,0
group_435,851,0
prmC,851,0
group_436,851,0
hisB_2~~~hisB_1,834,0
pra~~~~~~cbs,850,0
group_437,851,0
group_442,851,0
group_444,851,0
group_446,851,0
group_445,851,0
group_450,851,0
group_449,851,0
group_2216,851,0
ispH1_2~~~ispH1_1~~~ispH1,849,0
mftR,851,0
group_452,851,0
group_2327,851,0
soj~~~nifH,851,0
group_453,845,1
group_454,849,0
group_455,851,0
COQ5_2~~~moaA_1~~~moaA_2,851,0
group_456,851,0
group_457,851,0
ask,851,0
ald,851,0
group_458,107,0
group_459,851,0
group_461,851,0
group_462,851,0
rapZ,851,0
group_464,851,0
group_465,386,0
dus_2~~~dus_1~~~dus,851,0
group_467,851,0
group_468,851,0
ugpA_2~~~lacF_1,851,0
group_469,851,0
mazF4,851,0
group_471,851,0
group_472,851,0
group_473,851,0
group_476,851,0
mptA,851,0
group_2232,846,0
asnB,851,0
group_478,851,0
group_479,851,0
yhjE_2~~~yhjE,851,0
ctaD,851,0
group_480,851,1
group_481,851,0
group_482,851,0
ccs1,851,0
group_484,851,0
hpt,851,0
group_485,851,0
group_486,851,0
group_487,851,0
lspA,851,0
dinB1_2~~~dinB1_1,851,0
pspA_1,851,0
group_2138,851,0
pyrR,851,0
group_491,851,0
gmhA,851,0
aspC_2,851,0
ppk,851,0
group_496,851,0
group_483,851,0
pimA,851,0
group_503,851,0
group_502,851,0
murC,851,0
acr1,851,0
group_506,851,0
group_504,851,0
group_507,851,0
aldH1,851,0
stp_2~~~stp_1~~~stp,851,0
group_508,851,0
ppx1,851,0
group_509,851,0
panD,851,0
group_510,849,0
group_512,851,0
group_513,850,0
btuD~~~oppC,851,0
oppA,851,0
group_514,851,0
argD,851,0
lpqY,850,0
group_515,851,0
group_516,851,0
group_517,851,0
group_518,851,0
xerC_2,851,0
relJ,851,0
group_525,851,0
rmlD,851,0
group_526,851,0
argO_1,851,0
zwf2,851,0
pyrE_2~~~pyrE_1,851,0
trmH,851,0
aftB,851,0
tadA_3~~~tadA_1,851,0
pstC1_1~~~pstC1_2~~~pstC1,851,0
group_528,851,0
pucA,851,0
esxO~~~esxN_2,846,0
group_529,851,0
lpdA_1,851,0
group_2154,851,0
recO,851,0
group_2267,851,0
group_532,851,0
group_533,851,0
group_534,851,0
group_537,851,0
ansP1,851,0
araQ_1,851,0
putB~~~fadM,851,0
group_544,851,0
paaE~~~~~~hmp_3,851,0
group_542,851,0
group_543,851,0
bicA,851,0
ctaA,851,0
group_546,851,0
umaA_1~~~umaA,851,0
psd,851,0
atoB~~~~~~fadA_3,851,0
kstD,851,0
chp1_1,851,0
trxC_2,851,0
group_548,851,0
clpB,851,0
group_2280,851,0
cysW_2~~~cysW_1,851,0
group_549,851,0
lppO,851,0
group_550,851,0
group_551,851,0
clcB_1~~~~~~clcB_2~~~clcB,851,0
group_552,851,0
paaF,851,0
dosT,851,0
trmI,851,0
group_555,851,0
ppgK_1~~~ppgK_2~~~ppgK,851,0
group_556,851,0
group_2287,850,0
group_557,851,0
bfrB,851,0
group_2290,17,0
group_559,851,0
group_562,851,0
menE_4~~~lcfB_3,851,0
group_565,851,0
group_566,851,0
carB_2,851,0
udgB_1~~~udgB_2~~~udgB,851,0
group_2296,851,0
cut2,851,0
COQ5_1,851,0
group_567,851,0
group_568,851,0
mtcA2,851,0
disA~~~disA_2~~~~~~disA_1,851,0
group_569,851,0
group_570,851,0
lgt,851,0
group_571,851,0
group_572,851,0
clgR,851,0
group_574,763,1
group_575,851,0
group_576,850,0
group_577,850,0
group_2304,851,0
group_578,851,0
group_579,851,0
impA,851,0
group_581,851,0
sigL,851,0
group_582,851,0
modA,851,0
group_583,851,0
group_586,851,0
stf0,851,0
group_587,851,0
group_993,849,0
group_994,851,0
group_593,823,0
cph2,851,0
glpG,851,0
group_2198,851,0
group_594,851,0
group_595,850,0
group_597,851,0
neo,851,0
group_598,850,0
group_599,851,0
group_600,845,0
gsiA,846,0
COQ3_1~~~COQ3_2,851,0
nlhH_3~~~nlhH_1,851,0
group_602,851,0
betB~~~geoB,851,0
group_603,851,0
dhmA2_2~~~dhmA2_3,851,0
group_604,851,0
group_606,851,0
group_2204,851,0
group_607,843,0
group_608,851,0
lprQ,851,0
ephD_2,851,0
group_610,851,0
atpH,851,0
group_611,851,0
group_612,851,0
msiK_2~~~msiK_1,851,0
sdhA_1,851,0
mscL,851,0
menE_5~~~sauT_2~~~fadD3_2,851,0
group_613,851,0
group_614,851,0
group_615,851,0
group_619,851,0
group_618,851,0
mmpL3_1,851,0
sigG,851,0
group_620,851,0
mdtD_1~~~mdtD_2,851,0
group_1116,851,0
rutA,851,0
helY~~~helY_2~~~~~~helY_1,851,0
group_630,602,0
group_625,851,0
prcA,851,0
group_626,851,0
group_627,851,0
group_628,851,0
group_629,851,0
fpg1,851,0
coaA,851,0
group_634,851,0
btuD,851,0
group_635,851,0
rpsR1_2,851,0
group_636,851,0
group_637,851,0
group_638,851,0
group_639,851,0
uppP,851,0
group_2321,518,1
ctpA_2~~~ctpA_1~~~ctpA,851,0
mmaA4~~~cmaA,851,0
aam,849,0
cycA_2~~~cycA_1~~~cycA,851,0
egtB,851,0
group_642,851,0
pknB,851,0
group_643,851,0
mmpS3_1~~~mmpS3_2,851,0
group_644,851,0
sigC,851,0
group_645,851,0
group_646,851,0
group_647,415,1
group_649,193,0
betB~~~gabD1,851,0
group_650,851,0
group_651,851,0
group_652,851,0
group_653,851,0
group_654,849,0
group_656,851,0
group_657,851,0
group_658,851,0
rbbA~~~ybhF,851,0
group_2343,851,0
group_662,851,0
group_663,851,0
rkpK,851,0
trkA_2,851,0
group_664,851,0
group_2111,604,0
group_671,828,0
moaC1_2~~~moaC1_1,851,0
srmB,851,0
group_670,851,0
sap_1,851,0
group_673,717,0
group_2223,851,0
group_674,851,0
devS,851,0
amiD_2~~~QRSL1,850,0
acoA,851,0
PE3_3~~~PE3_2,851,0
purA,851,0
group_676,851,0
dap_1~~~dap_2,851,0
group_678,851,0
group_680,185,0
lnt~~~lnt_2~~~lnt_1,851,0
group_1306,845,0
irtA,851,0
group_683,851,0
group_684,851,0
COQ3_2~~~~~~COQ3_1,851,0
group_2233,851,0
leuS,851,0
group_687,851,0
group_690,851,0
cobB_1~~~cobB_2,851,0
group_692,851,0
group_693,851,0
group_694,848,0
group_695,60,0
group_696,851,0
moaE1,851,0
group_697,851,0
group_698,851,0
group_2137,851,0
moeA1,851,0
group_699,851,0
ftsH_2,851,0
group_700,851,0
group_701,851,0
group_703,851,0
group_704,851,0
group_706,53,0
scmP,851,0
group_709,850,0
thiE,851,0
group_708,851,0
tetC,851,0
group_711,850,0
group_713,851,0
group_2246,850,0
group_717,851,0
group_715,851,0
dthadh,851,0
cya,851,0
appC_2~~~appC_1~~~appC,851,0
lpqI,851,0
group_718,851,0
pycA,851,0
group_719,851,0
rsmG,851,0
ppsB_1~~~~~~menE_4,851,0
group_721,851,0
lppA_2,838,0
iniC,851,0
group_724,851,0
group_726,851,0
group_729,851,0
group_730,851,0
group_731,851,0
group_732,851,0
narU~~~narK_3~~~narK_2,851,0
rpoA,851,0
group_735,851,0
nanK,851,0
group_736,851,0
rpfE,851,0
ahpC,851,0
group_2394,1,0
aroC,851,0
group_737,851,0
fmt,851,0
cobQ,851,0
purK,851,0
rlmN,851,0
group_738,851,0
group_2262,851,0
group_740,851,0
group_741,851,0
group_742,364,0
group_743,51,0
group_744,851,0
ppk2,851,0
group_2156,851,0
cca,851,0
esxF~~~esxF_1,851,0
auaH,850,0
group_1488,851,0
group_1500,829,0
group_753,851,0
group_757,851,0
group_760,851,0
group_762,851,0
group_763,851,0
group_765,838,0
hisG,851,0
group_2344,849,0
group_766,851,0
group_767,851,0
dapC_2~~~dapC~~~dapC_1,851,0
lprH,851,0
ethA_4~~~ethA_3,851,0
mqo,851,0
group_768,851,0
pstP,851,0
group_769,851,0
group_770,851,0
group_771,851,0
bbsG_2~~~bbsG_1~~~bbsG,851,0
group_774,851,0
group_773,847,0
group_778,851,0
group_779,851,0
group_780,851,0
kdc_1~~~kdc_2~~~kdc,851,0
xthA,851,0
group_788,851,0
group_793,851,0
group_794,851,0
mmpL4_2~~~~~~mmpL2_1,843,0
group_797,851,0
group_803,851,0
group_804,848,0
group_806,851,0
group_807,851,0
group_808,846,0
mmpL1_1,851,0
mltG,850,0
group_813,851,0
group_2306,846,1
group_814,63,0
rpsD,849,0
mmcO_1~~~mmcO_2~~~mmcO,851,0
group_817,850,0
group_815,851,0
gdh_1~~~gdh_2~~~gdh,851,0
group_818,851,0
group_816,851,0
group_819,851,0
group_820,851,0
group_823,851,0
rsdA,851,0
pgl,851,0
group_821,851,0
group_822,851,0
uctC_2~~~uctC_1,851,0
treZ_2~~~treZ~~~treZ_1,851,0
pknE,851,0
icd2_2~~~icd2_1~~~icd2,851,0
group_824,851,0
group_825,851,0
gabP,851,0
ctpJ,851,0
ethA_3~~~ethA_2,851,0
gph_2~~~hdpA,851,0
group_828,851,0
group_829,851,0
group_830,851,0
group_832,851,0
group_833,841,0
dapE_3,851,0
group_1762,851,0
group_838,850,0
group_840,851,0
dhmA~~~oleB,851,0
metC,851,0
csoR_2,851,0
group_845,823,0
group_847,851,0
group_848,851,0
arsC,851,0
lat,851,0
moaA1_1~~~moaA1_3,851,0
group_851,851,0
group_861,851,0
group_856,851,0
group_857,849,0
group_858,851,0
group_859,851,0
group_860,53,0
lppJ_2~~~lppJ_1~~~lppJ,851,0
nasD,851,0
group_862,851,0
cocE_1,851,0
group_863,851,0
group_864,851,0
gabT_1~~~~~~gabT,851,0
group_2341,851,0
group_865,851,0
group_866,851,0
group_867,851,0
papA2,851,0
group_868,851,0
group_2396,849,0
mdtH,851,0
nixA,851,0
group_876,847,0
group_873,851,0
group_875,837,0
aes_3~~~lipF,851,0
group_881,851,0
group_2331,850,0
group_882,851,0
ureC_1~~~ureC~~~ureC_2,851,0
group_883,851,0
group_884,851,0
group_885,50,0
menB,851,0
group_888,851,0
group_889,851,0
group_890,851,0
lipV,851,0
pncB1_1~~~pncB1_2~~~pncB1,851,0
higB2_2,851,0
group_891,850,0
rplM,851,0
group_893,851,0
group_894,835,1
group_2227,846,0
PPE4,851,0
esxR,848,0
group_898,835,1
group_899,72,0
group_901,851,0
group_903,851,0
group_2126,851,0
group_904,850,0
speE,851,0
group_905,851,0
mmpL9_1~~~mmpL9_2,851,0
pcaA,851,0
nrdF2,851,0
group_2134,851,0
group_2235,851,0
group_906,851,0
group_907,851,0
moaA2,851,0
mmpL2_1~~~mmpL2_2~~~mmpL2,851,0
ctpI_1~~~kdpB_1~~~ctpI_2,851,0
fabG2_2,851,0
htpG,851,0
group_2136,850,0
group_916,851,0
group_918,850,0
group_923,851,0
uvrA,851,0
nlhH_3~~~~~~nlhH_1,851,0
mce3R_1~~~mce3R_2~~~mce3R,851,0
group_926,851,0
cwsA_2~~~cwsA_1~~~cwsA,851,0
atsA,851,0
yegS,851,0
uvrD2,851,0
group_927,851,0
group_928,851,0
pafC,851,0
fdr,851,0
group_933,851,0
group_935,851,0
group_936,851,0
group_937,851,0
group_938,851,0
eccC5_2~~~eccC5_1,846,0
group_941,851,0
group_942,851,0
group_944,851,0
group_2346,850,0
secE2,849,0
group_947,851,0
gshA,851,0
group_949,851,0
group_951,851,0
esxC,846,0
group_953,851,0
pstS2,851,0
group_955,364,0
group_2155,851,0
group_957,851,0
group_2266,851,0
oxyE~~~mhpA,851,0
group_958,851,0
php,851,0
sbpA,851,0
ung_2~~~ung_1~~~ung,851,0
group_2269,851,0
group_961,851,0
group_962,851,0
ldtA,851,0
hddA,851,0
group_963,850,0
group_966,851,0
group_2277,851,0
group_968,850,0
cysA1_1,4,0
group_2176,851,0
group_970,851,0
pncB2,851,0
dapb1,851,0
group_972,851,0
group_2289,851,0
cobN_2~~~cobN_1~~~cobN,851,0
group_977,106,0
group_2291,851,0
group_2294,850,0
group_982,851,0
group_983,823,0
group_985,823,0
group_986,851,0
group_2297,851,0
group_992,851,0
group_2061,851,0
group_989,848,0
esxP~~~esxJ_1~~~esxW_3,843,1
group_996,710,0
group_995,851,0
group_997,851,0
group_998,851,0
tagH_2~~~tagH,849,1
bpa_2~~~bpa_1~~~bpa,8,1
group_999,851,1
group_1000,173,0
group_1001,847,0
group_1008,851,0
narG,851,0
group_1009,851,0
group_1010,850,0
group_1011,851,0
group_1012,851,0
lysX_2,851,0
mmpL4_2~~~mmpS4_3,851,0
chp1_2~~~chp1_1~~~chp1,851,0
pks2_2~~~pks2_1~~~pks2,851,0
mmpL8_2,851,0
dnaE2~~~dnaE2_1~~~~~~dnaE2_2,851,0
group_1014,851,0
pks1,851,0
group_1016,851,0
group_1017,851,0
pnbA_3,851,0
cpnT~~~cpnT_1~~~cpnT_2,851,0
group_20,787,0
group_2316,851,0
group_1023,851,0
fbiC,851,0
fadH_1~~~fadH_3~~~fadH_2,851,0
glnD_1~~~glnD_2~~~glnD,851,0
group_1025,851,0
bioF2~~~bioF2_1~~~~~~bioF2_2~~~bioF,851,0
ctpG_2~~~ctpG_1~~~ctpG,851,0
aceAa~~~icl2,851,0
eccD1_1~~~eccD1_2,851,0
recG,851,0
group_1028,851,0
group_1029,851,0
group_1030,851,0
hmp_4~~~hmp_2,851,0
group_1034,843,0
thrS,851,0
group_1036,851,0
bglB,851,0
pknG,851,0
group_1035,851,0
leuA,851,0
group_2322,851,0
group_1037,851,0
ctpD_2~~~ctpD_1~~~kdpB_2~~~ctpD,851,0
group_86,851,0
group_1041,851,0
mmpL8_1~~~mmpL8_2,851,0
group_1043,851,0
group_1046,851,0
group_1050,851,0
group_1048,851,0
group_1049,850,0
ilvD,851,0
recB_2~~~recB_1,851,0
pknL,851,0
group_1052,851,0
lipY_1,851,0
ilvB2_1~~~ilvB2_2~~~ilvB2,851,0
group_1053,851,0
group_1054,851,0
wbiB,851,0
group_1055,851,0
group_1056,851,0
pgm_2~~~pgm_1~~~pgm,851,0
crcB,851,0
group_1058,851,0
group_1059,851,0
group_1060,851,0
group_1061,851,0
nuoN,851,0
group_1064,851,0
group_1304,851,0
group_1066,851,0
dinB,851,0
nrdE,851,0
whiB5,851,0
gabD2~~~gabD2_2~~~gabD2_1,851,0
group_1072,851,0
narK_1~~~~~~narK_3,851,0
cobT,851,0
group_1075,851,0
coaX_2~~~coaX_1~~~coaX,851,0
group_1076,851,0
group_1077,851,0
group_1078,851,0
lipR_1~~~lipR_2~~~lipR,851,0
gucD~~~gabD,851,0
group_1079,850,0
murF,851,0
ansP2_1~~~ansP2~~~ansP2_2,851,0
group_1080,851,0
group_1081,850,0
group_1082,851,0
group_1083,851,0
group_1084,851,0
sthA_2~~~sthA_1,851,0
group_1086,851,0
norW,851,0
arsB,851,0
urdA,850,0
group_1087,849,0
yhdG_2~~~yhdG_1,851,0
apc3,851,0
group_1089,849,0
ureG,851,0
ipuC,851,0
eccC_2~~~eccC_3,851,0
lprN_3,851,0
metXA,851,0
group_1093,851,0
group_1096,851,0
yjhB~~~~~~nanT,851,0
pikAI,851,0
dhbF,851,0
group_1100,851,0
group_1101,851,0
ttuB,851,0
mch,851,0
sugB_2~~~araQ_2,851,0
group_1102,851,0
group_1103,851,0
lipY_2~~~lipY_3~~~lipY_1,851,0
group_1104,851,0
group_1108,849,0
mmpL2_1~~~mmpL2_2~~~mmpL4_2,6,0
ilvA,851,0
rutD_1~~~bpoC_2,851,0
group_2149,851,0
group_1110,252,1
group_2359,35,0
group_1111,851,0
group_1112,851,0
group_1113,851,0
group_1114,851,0
group_1115,851,0
coaBC,851,0
group_1117,851,0
group_1118,848,0
group_1119,851,0
group_1120,851,0
mmgC_3~~~mmgC_4~~~mmgC_5,851,0
argO_1~~~argO_2,851,0
icd_2~~~icd_1~~~icd,851,0
argC_2~~~argC_1~~~argC,851,0
espI_3,851,0
topA,851,0
eryA_2,851,0
esxD_1~~~esxD_2~~~esxD,845,0
ligD_3,851,0
mmpL1_2,851,0
group_1126,851,0
group_1127,851,0
group_2162,851,0
pepA,851,0
ephD_1,851,0
group_1131,851,0
group_1132,851,0
group_1133,851,0
group_2171,851,0
group_1134,851,0
ykuT,851,0
ripA_1~~~ripA_2~~~ripA,851,0
group_1135,851,0
fadA4,851,0
csm5_2~~~csm5_1~~~csm5,850,0
group_1139,851,0
group_1140,851,1
pstS1,851,0
adhB_1,851,0
group_1141,851,0
group_1142,850,0
espI_2,851,0
group_1144,851,0
group_2279,851,0
eccCb1,851,0
plcA~~~plcB,850,0
group_1145,851,0
msl3_2~~~msl3~~~msl3_1,851,0
group_1146,851,0
bkdB,851,0
metB,851,0
group_1147,851,0
tgs2_2~~~tgs2_1~~~tgs2,851,0
pyrE_2,851,0
dxs_2~~~dxs_3,850,0
group_2284,851,0
group_1148,848,0
ligD_2,851,0
group_1149,851,0
dinB_1~~~dinB1_2,851,0
group_1152,851,0
group_1160,839,0
group_1157,851,0
group_1159,851,0
group_2292,846,0
group_1161,850,0
hepT_1~~~~~~hepT_2,851,0
group_1166,851,0
group_1162,851,0
ileS,851,0
group_1165,847,0
ggt,851,0
pheS,851,0
group_1168,851,0
mez,851,0
fbpB,851,0
rpfC,851,0
blaC,851,0
cobIJ_1~~~cobIJ_2~~~cobIJ,851,0
group_1176,851,0
group_1178,851,0
group_1179,848,0
group_1180,851,0
merA~~~sthA_1,851,0
rip3_1~~~rip3~~~rip3_2,851,0
group_2307,851,0
hcaB_4,851,0
group_1181,836,0
group_1182,851,0
moaE2_2,851,0
cysW_2~~~cysT,851,0
group_1183,14,0
comM~~~lon,849,0
group_826,851,0
suhB,851,0
rip2,851,0
group_1185,851,0
rnj,851,0
group_1186,851,0
mutY,848,0
group_1187,851,0
group_1189,851,0
pgsA,851,0
ctpV,851,0
smtB_1~~~uctC_1,851,0
rslA_1~~~rslA_2~~~rslA,851,0
mlaE,851,0
pks5_1~~~pks5_2~~~pks5,851,0
group_1192,823,0
group_1193,851,0
group_1194,851,0
group_1195,851,0
group_1196,850,0
group_1197,843,0
group_1198,851,0
atpB,851,0
typA,851,0
group_1199,851,0
group_1200,851,0
glyA1,851,0
group_934,843,0
rlmC~~~rlmCD,851,0
group_1205,851,0
group_954,851,0
group_1210,851,0
moaC1_2~~~moaC1_3,828,0
group_1212,851,0
group_1214,848,0
group_1216,851,0
group_1217,851,0
jefA,851,0
gpm2,851,0
pknJ,851,0
group_1218,851,0
group_1219,851,0
iniA,851,0
resA_2,851,0
group_1220,851,0
pknF,851,0
group_1221,851,0
priA_2,851,0
group_1222,846,0
tgs3,851,0
group_1223,851,0
group_1224,851,0
dnaK_1~~~dnaK_2,850,0
group_1226,851,0
glpK_2~~~glpK,851,0
mmpL5_3~~~mmpL5_2~~~mmpL5_1,851,0
group_2333,834,0
group_1228,836,0
pknK~~~pknK_1,851,0
group_1230,851,0
group_1106,849,0
hutI_1~~~~~~hutI_2,851,0
group_1235,851,0
group_1238,851,0
mtr_2~~~mtr~~~mtr_1,851,0
group_1239,839,0
group_1244,843,0
group_1245,851,0
group_1246,850,0
mmsB_2~~~mmsB_1,851,0
group_1247,850,0
metH_1~~~metH~~~metH_2,851,0
plsB1,851,0
pimF_2~~~pimF_1~~~pimF,851,0
esxL~~~esxV_2,836,0
pks1_2,851,0
group_1255,847,0
pks1_2~~~~~~pks1_1~~~pks1_3,851,0
mmpL5_2~~~mmpL4_3,851,0
eccCa1,851,0
pta,851,0
group_1260,851,0
bacA,851,0
rnd,851,0
dltA_1~~~menE_1~~~mbtM_1~~~menE_3,851,0
eccD2,845,0
pafA,851,0
group_1266,851,0
group_1268,851,0
group_2257,851,0
group_1269,851,0
group_2261,846,0
moaR1,851,0
group_1274,727,0
ettA_2~~~yheS~~~ettA_1,851,0
mtnP,851,0
murE,851,0
group_1278,845,0
iniB_2~~~iniB~~~iniB_1,851,0
group_2274,851,0
group_1280,144,0
eccC_2~~~eccC5_2~~~eccC_1,845,0
group_1283,850,0
ppsD_2~~~ppsD_1~~~~~~ppsD,851,0
ppsB,851,0
group_1285,851,0
pheT,851,0
pbpB,851,0
menA,851,0
group_1286,851,0
group_1289,848,0
pks1_2~~~pks1_1,851,0
mycP2_1~~~mycP2~~~mycP2_2~~~eccE2,851,0
group_2397,3,0
glgB,851,0
jefA_1~~~jefA_2~~~ribZ~~~stp_2~~~~~~mdtD_3~~~mdtD_2~~~mdtD_4,851,0
group_1324,851,0
group_1326,851,0
group_1328,851,0
apxIB~~~cydD,851,0
group_1329,851,0
group_1330,851,0
group_1331,851,0
group_1332,851,0
group_1333,851,0
nnr,851,0
dmsA~~~torA~~~dorA,850,0
group_1336,19,0
relA,851,0
group_2398,1,0
eccD3,851,0
mdh,851,0
pknD_2~~~pknD_3~~~pknD_1,851,0
group_1339,851,0
group_1346,849,0
group_1347,851,0
pyk,851,0
rtcB,850,0
bauC,851,0
group_2395,849,0
group_1349,851,0
group_1350,829,0
ctpI_2~~~ctpI_1,851,0
metE,851,0
group_1352,851,0
group_1354,851,0
ponA1_2~~~mtgA,851,0
hyfB,851,0
group_2361,38,0
group_2354,424,0
smc,851,0
cyoE~~~ctaB,851,0
spmT_2~~~spmT~~~spmT_1,851,0
group_1375,850,0
group_1376,851,0
group_1377,851,0
group_1378,134,0
group_1379,851,0
group_1381,830,0
group_2399,5,0
group_1382,851,0
group_1383,851,0
treY,851,0
ppsA_1,851,0
group_1384,850,0
group_1385,851,0
ponA1,843,0
pra,841,0
group_1386,851,0
group_1387,760,0
dprA,851,0
ctpF,851,0
group_1388,851,0
group_1389,850,0
group_1390,851,0
group_1396,833,0
group_2400,3,0
group_1397,794,0
group_1398,849,0
group_1399,850,0
group_1400,851,0
group_1401,764,1
tcrX_2,851,0
group_1403,363,0
group_2281,846,0
nrdZ,851,0
eccA2~~~eccA2_1~~~eccA2_2,851,0
group_1410,851,0
group_1412,848,0
group_1413,851,0
nanT_1~~~csbC~~~galP,851,0
group_1414,851,0
group_1415,844,0
dnaN,851,0
group_1416,851,0
group_2192,851,0
caiA_1~~~caiA_5,851,0
group_1421,52,0
group_1425,52,0
group_1431,851,0
hmp_4,851,0
group_2312,851,0
infB_2~~~infB,851,0
group_1432,851,0
group_1433,558,0
group_1434,850,0
group_1435,13,0
group_1436,851,0
cas1_1~~~cas1~~~cas1_2,847,0
group_1437,851,0
group_1438,851,0
group_1439,851,0
group_1440,850,0
hup,851,0
atpA,851,0
dhaA_3~~~dhaA_2~~~oleB_2,842,0
hsaD~~~hsaD_1,851,0
group_1442,849,0
qorA_2,851,0
agaA,845,0
eis,851,0
sugA,851,0
group_1444,851,0
rplV,851,0
group_1445,454,0
group_1446,851,0
group_1447,821,0
group_2401,3,0
group_1448,851,0
group_1449,18,0
group_1453,851,0
group_1455,851,0
group_1456,851,0
mgtA,851,0
group_1457,323,0
mprB_2~~~mprB_1~~~mprB,851,0
group_1458,850,0
tadA_2,828,0
wecE_2~~~wecE_1~~~wecE,851,0
pxpC,849,0
mmpS3_1~~~mmpS3_2~~~mmpS3_3,851,0
gbsA,851,0
group_2212,851,0
group_1459,851,0
group_1461,851,0
group_1462,849,0
pknD_4~~~pknH_1~~~pknH_2~~~pknH,851,0
group_1463,851,0
group_2324,851,0
group_1464,851,0
tyrA,804,0
gmd,9,0
group_2402,4,0
group_1470,851,1
group_1473,104,1
group_1474,677,0
group_1475,850,0
pknH_1~~~pknH_2~~~pknD_3,845,0
cmtR,851,0
group_1478,829,0
group_2112,851,0
group_1479,851,0
group_1480,851,0
group_1481,851,0
group_1482,851,0
rocA~~~rocA1,850,0
rpfD_2~~~rpfD_1~~~rpfD,851,0
group_1483,851,0
group_2116,849,0
group_1485,849,0
group_1486,851,0
group_1489,851,0
mdtD_3~~~mdtL~~~mdtD_2,851,0
yvdP,851,0
folK,851,0
hsaA_2~~~hsaA_1,851,0
cut3_2,851,0
group_1499,830,0
group_1495,848,0
group_1496,851,0
xylB,851,0
group_1497,67,0
group_61,851,0
pknA,844,0
aao~~~aao_1~~~aao_2,851,0
group_1502,851,0
group_1501,851,0
esxT,851,0
group_1503,250,0
fprB,851,0
dhaA_2~~~ephB_1,851,0
sseB_1~~~sseB_2~~~sseB,851,0
group_1505,183,0
group_1506,851,0
group_1507,850,0
group_1508,50,0
group_1509,851,0
group_1511,842,0
group_2403,3,0
kdpB_2~~~ctpF_1~~~ctpF_2~~~ctpF,849,0
group_1515,851,0
group_1517,845,0
group_1516,851,0
lppA_1~~~lppA_3,823,0
group_1518,850,0
malL,851,0
group_1522,849,0
group_1527,851,0
group_1528,851,0
group_1529,849,0
group_1530,57,0
mqo_2,672,0
group_1532,850,0
group_1533,50,0
hbhA,851,0
group_1540,478,0
group_1542,851,0
group_2282,843,0
group_1544,851,0
group_1546,54,0
group_1547,805,0
group_1548,777,0
group_1549,851,0
pksL~~~pikAI,851,0
espI_2~~~espI_1,846,0
dorA,768,0
vgb,831,0
group_1550,851,0
ppsA_2~~~ppsA_3,851,0
recC~~~recC_1~~~recC_2,851,0
group_2293,18,0
zur,851,0
group_1551,468,0
group_1554,389,0
IMPDH,851,0
lppP,851,0
group_1557,850,0
group_1561,597,0
group_1562,850,0
csm4,850,0
group_1563,850,0
group_1564,848,0
group_1565,851,0
group_1566,75,0
group_1574,404,0
group_1575,517,0
group_2314,851,0
mycP2_1~~~mycP2~~~mycP2_2,793,0
mycP2_1~~~~~~mycP2_2,296,0
ppsC~~~~~~ppsC_2~~~ppsC_1,851,0
group_1577,444,0
group_1580,97,0
group_2404,8,0
group_2405,3,0
group_1583,3,0
group_1584,843,0
group_1585,850,0
group_1591,243,0
group_1592,487,0
group_1593,610,0
hycD,851,0
lprA,851,0
group_1595,53,0
group_1596,766,0
higA1,851,0
espB~~~espB_1~~~espB_2,851,0
group_1600,851,0
higA2_1,851,0
group_1601,851,0
group_2332,850,0
group_1607,818,0
group_1604,850,0
espE~~~~~~espE_1~~~espE_2,851,0
group_1606,790,0
mycP4,851,0
group_1608,829,0
esxF_1~~~esxF_2,848,0
group_1609,851,0
esxB,851,0
group_2406,3,0
rpfA_2~~~rpfA,849,0
group_1611,13,0
pal~~~arfA_1~~~arfA_2~~~arfA,851,0
group_1612,843,0
group_1613,667,0
namA,851,0
group_1618,851,0
aroE_2~~~aroE,851,0
eccB2_2~~~eccB2_1~~~eccB2,846,0
group_1620,709,0
group_2229,851,0
group_1621,851,0
cysA,846,0
group_1622,55,0
ddpX,851,0
group_1623,851,0
mhpF_1~~~mhpF~~~mhpF_2,850,0
frc,851,0
group_1624,731,0
moaA_2~~~moaA1_2,850,0
ychF_1~~~ychF_2~~~ychF,851,0
group_1625,538,0
group_1628,851,0
group_1629,849,0
aac,851,0
group_1630,677,0
PPE3_1~~~PPE3,851,0
group_1634,851,0
group_1632,851,0
group_1633,849,0
kdpD,851,0
group_1635,851,0
group_1636,839,0
group_2350,691,0
crt_2,851,0
cobQ_2~~~PPE2~~~PPE2_1~~~PPE2_2,842,0
group_1638,482,0
group_1640,851,0
group_1641,851,0
frdC~~~frdB_2~~~~~~frdD,851,0
group_1644,851,0
group_1174,53,0
group_1177,10,0
group_1651,851,1
group_1648,62,0
group_1650,36,0
group_1653,851,0
group_1654,435,0
group_1655,328,0
group_1656,851,0
espK~~~espK_1~~~espK_2,851,0
group_1658,438,0
group_1663,332,0
PE_PGRS5,468,0
group_2407,9,0
group_1664,648,1
pafA_1,842,0
group_2268,88,0
group_1668,608,0
group_1669,366,0
group_1670,595,0
mfd_1,644,1
group_1673,118,0
group_2408,3,0
group_1674,378,0
group_1677,393,0
group_1682,639,0
group_1683,330,1
group_1687,512,0
group_2409,12,0
group_1688,352,0
group_1690,704,1
group_1691,95,0
group_1696,639,0
group_1701,520,0
group_1703,88,0
group_1704,739,0
group_2410,2,0
group_2411,4,0
argD_2~~~leuA,801,0
group_1708,321,1
group_1709,846,0
group_2412,3,0
group_1710,767,0
group_1714,133,0
group_1716,592,0
group_1718,346,0
group_1720,235,0
group_2413,8,0
group_2414,6,0
group_2415,2,0
group_2416,4,0
group_1722,703,0
group_1725,781,0
group_2417,3,0
group_1730,798,0
group_2418,8,0
group_2419,2,0
group_1732,633,0
group_1733,565,0
bag~~~lipY_4,373,0
mhpE,738,0
group_2420,2,0
group_1734,551,0
group_2421,4,0
group_1736,112,0
group_1737,186,0
group_1738,742,0
group_1740,395,0
group_1742,808,0
group_1743,165,0
group_1744,22,0
group_1745,108,1
menE_5,280,0
group_1746,117,0
group_2422,2,0
group_1749,331,0
cobB_2,851,0
uvrA_2,500,0
group_1752,491,0
group_1753,20,0
group_1754,478,0
group_2423,4,0
group_1756,663,0
lipY_4,758,0
group_1757,508,0
group_1758,405,0
menA~~~fabH~~~~~~fabH_2,851,0
group_2424,2,0
PE_PGRS5~~~PE_PGRS5_2,450,0
PE_PGRS5_1~~~PE_PGRS5,689,0
group_1759,218,0
group_1760,56,0
group_1761,754,0
group_2425,3,0
group_2426,2,0
group_2427,1,0
group_1763,125,0
group_1764,379,0
group_2428,10,0
group_1765,62,0
cofG,778,0
group_2429,3,0
group_2430,2,0
group_2431,3,0
group_1770,492,0
group_1771,662,0
group_1773,722,0
group_2432,22,0
group_2433,4,0
group_1778,431,1
lppA_2~~~lppA,840,0
group_1779,759,0
group_1780,130,0
